Workbook

Sheet Cover
B2: Dataset information | F2: Dataset format information
C3: Column name | D3: Dataset entries
A4: 1 | B4: Identification | C4: dataset_id | D4: auto | F4: IEDC data file
A5: 2 | C5: dataset_name | D5: 3_MC_Electricity_CIRCOMOD_D4.2_2025
A6: 3 | C6: dataset_version | D6: v0 | F6: Format_Version | G6: IEDC_V1
A7: 4 | B7: Grouping | C7: datagroup_id | D7: CIRCOMOD_D4.2 | F7: Dataset_Unit | G7: LIST
A8: 5 | C8: data_category | D8: 3 | F8: Dataset_Uncertainty | G8: LIST
A9: 6 | C9: data_type | D9: Material composition | F9: Dataset_Comment | G9: LIST
A10: 7 | C10: data_layer | D10: Misc. physical units | F10: Dataset_RecordType | G10: LIST | H10: No_Rows | I10: 162
A11: 8 | B11: System location: What elements and objects in the system are described? | C11: process_scope | D11: use phase | F11: Aspects_classifications | G11: Aspects_Attribute_No | H11: DATA | I11: DATA_Info
A12: 9 | C12: process_resolution | D12: 1 end use sector | F12: end-use sector | G12: 1 | H12: value
A13: 10 | C13: product_scope | D13: electricity generation technologies | F13: material | G13: 1 | H13: unit nominator
A14: 11 | C14: product_resolution | D14: around 20 technologies | F14: age-cohort | G14: 1 | H14: unit denominator
A15: 12 | C15: material_scope | D15: engineering materials | F15: region | G15: 1 | H15: stats_array string
A16: 13 | C16: material_resolution | D16: project-wide material | F16: engineering_material | G16: 1 | H16: comment
A17: 14 | C17: regional_scope | D17: global | F17: strategy | G17: 1
A18: 15 | C18: regional_resolution | D18: country average | F18: layer | G18: 1
A19: 16 | C19: temporal_scope | D19: 2010-2050
A20: 17 | C20: temporal_resolution | D20: product specific
A21: 18 | B21: Description | C21: description | D21: Material content of electricity generation technologies
A22: 19 | C22: keywords | D22: material; material content;
A23: 20 | C23: data_provenance | D23: Official data from government institution; Result of academic MFA work
A24: 21 | C24: dataset_size | D24: [filled in later]
A25: 22 | C25: comment | D25: Misc.
A26: 23 | B26: System location: Dataset aspects and semantics. For aspects: [Aspect;symbol;classification]. Mandatory aspects in gray shading. | C26: aspect_1 | D26: end-use sector
A27: 24 | C27: aspect_1_classification | D27: 6
A28: 25 | C28: aspect_2 | D28: material
A29: 26 | C29: aspect_2_classification | D29: 83
A30: 27 | C30: aspect_3 | D30: age-cohort
A31: 28 | C31: aspect_3_classification | D31: 14
A32: 29 | C32: aspect_4 | D32: region
A33: 30 | C33: aspect_4_classification | D33: 2
A34: 31 | C34: aspect_5 | D34: engineering_material
A35: 32 | C35: aspect_5_classification | D35: 4
A36: 33 | C36: aspect_6 | D36: strategy
A37: 34 | C37: aspect_6_classification | D37: 86
A38: 35 | C38: aspect_7 | D38: layer
A39: 36 | C39: aspect_7_classification | D39: 20
A40: 37 | C40: aspect_8 | D40: none
A41: 38 | C41: aspect_8_classification | D41: none
A42: 39 | C42: aspect_9 | D42: none
A43: 40 | C43: aspect_9_classification | D43: none
A44: 41 | C44: aspect_10 | D44: none
A45: 42 | C45: aspect_10_classification | D45: none
A46: 43 | C46: aspect_11 | D46: none
A47: 44 | C47: aspect_11_classification | D47: none
A48: 45 | C48: aspect_12 | D48: none
A49: 46 | C49: aspect_12_classification | D49: none
A50: 47 | C50: tupel_notation | D50: Misc.
A51: 48 | C51: semantic_string_example | D51: [Layer] of [eng. Material] in [product_type] in [sector] in [year of producing] in [region] for [CE measure] is [value].
A52: 49 | C52: semantic_string_general | D52: [Layer (e.g., mass per area)] of [eng. Material (e.g., concrete)] in [product_type (e.g., multi-family house, concrete frame, reference building)] in [sector (e.g., building)] in [year of producing (e.g., 2040)] in [region (e.g., sweden)] for [CE measure (e.g., LD-lightweight design)] is [value].
A53: 50 | B53: Data access and licence | C53: type_of_source | D53: Proprietary report or research article
A54: 51 | C54: project_license | D54: miscellaneous licenses, see the comments in the dataset
A55: 52 | C55: main_author | D55: Misc.
A56: 53 | C56: dataset_link | D56: Misc.
A57: 54 | C57: dataset_format | D57: Misc.
A58: 55 | C58: project_report | D58: Misc., see [ref] sheet of data template
A59: 56 | C59: suggested_citation | D59: Misc., see [ref] sheet of data template
A60: 57 | C60: visible | D60: 1
A61: 58 | B61: Data submission, review, and conversion info | C61: access_date | D61: Misc., see [ref] sheet of data template
A62: 59 | C62: submission_date | D62: [filled in later]
A63: 60 | C63: submitting_user | D63: CIRCOMOD team via Meng Jiang
A64: 61 | C64: dataset_conversion_info | D64: Numbers manually copied from original sources to Excel spreadsheet
A65: 62 | C65: review_date
A66: 63 | C66: review_user
A67: 64 | C67: review_comment
A68: 65 | B68: Reserve | C68: reserve1
A69: 66 | C69: reserve2
A70: 67 | C70: reserve3
A71: 68 | C71: reserve4
A72: 69 | C72: reserve5

Sheet Data
A1: end-use sector | B1: material | C1: age-cohort | D1: region | E1: engineering_material | F1: strategy | G1: layer | H1: value | I1: unit nominator | J1: unit denominator | K1: stats_array string | L1: comment | M1: uncertainy info | N1: Data source | O1: link to log entry
A2: use phase - electricity infrastructure | B2: Generation - Hydro (run-of-river) | C2: various | D2: Global | E2: steel | F2: none | G2: Mass per power capacity | H2: 45 | I2: g | J2: W | K2: none | L2: input data based on multiple sources | M2: 13; 0.44*value; 1.56*value | N2: see log entry | O2: [kalt2021]_material_intensity
A3: use phase - electricity infrastructure | B3: Generation - Hydro (run-of-river) | C3: various | D3: Global | E3: concrete | F3: none | G3: Mass per power capacity | H3: 5250 | I3: g | J3: W | K3: none | L3: input data based on multiple sources | M3: 13; 0.48*value; 1.52*value | N3: see log entry | O3: [kalt2021]_material_intensity
A4: use phase - electricity infrastructure | B4: Generation - Hydro (run-of-river) | C4: various | D4: Global | E4: copper | F4: none | G4: Mass per power capacity | H4: 3.7 | I4: g | J4: W | K4: none | L4: input data based on multiple sources | M4: 13; 0.14*value; 1.86*value | N4: see log entry | O4: [kalt2021]_material_intensity
A5: use phase - electricity infrastructure | B5: Generation - Hydro (run-of-river) | C5: various | D5: Global | E5: aluminium | F5: none | G5: Mass per power capacity | H5: 0.6 | I5: g | J5: W | K5: none | L5: input data based on multiple sources | M5: 13; 0.5*value; 1.5*value | N5: see log entry | O5: [kalt2021]_material_intensity
A6: use phase - electricity infrastructure | B6: Generation - Hydro (storage) | C6: various | D6: Global | E6: steel | F6: none | G6: Mass per power capacity | H6: 25 | I6: g | J6: W | K6: none | L6: input data based on multiple sources | M6: 13; 0.44*value; 1.56*value | N6: see log entry | O6: [kalt2021]_material_intensity
A7: use phase - electricity infrastructure | B7: Generation - Hydro (storage) | C7: various | D7: Global | E7: concrete | F7: none | G7: Mass per power capacity | H7: 2750 | I7: g | J7: W | K7: none | L7: input data based on multiple sources | M7: 13; 0.48*value; 1.52*value | N7: see log entry | O7: [kalt2021]_material_intensity
A8: use phase - electricity infrastructure | B8: Generation - Hydro (storage) | C8: various | D8: Global | E8: copper | F8: none | G8: Mass per power capacity | H8: 3.2 | I8: g | J8: W | K8: none | L8: input data based on multiple sources | M8: 13; 0.14*value; 1.86*value | N8: see log entry | O8: [kalt2021]_material_intensity
A9: use phase - electricity infrastructure | B9: Generation - Hydro (storage) | C9: various | D9: Global | E9: aluminium | F9: none | G9: Mass per power capacity | H9: 0.3 | I9: g | J9: W | K9: none | L9: input data based on multiple sources | M9: 13; 0.5*value; 1.5*value | N9: see log entry | O9: [kalt2021]_material_intensity
A10: use phase - electricity infrastructure | B10: Generation - Geothermal | C10: various | D10: Global | E10: steel | F10: none | G10: Mass per power capacity | H10: 108 | I10: g | J10: W | K10: none | L10: input data based on multiple sources | M10: 13; 1.86*value; 0.14*value | N10: see log entry | O10: [kalt2021]_material_intensity
A11: use phase - electricity infrastructure | B11: Generation - Geothermal | C11: various | D11: Global | E11: concrete | F11: none | G11: Mass per power capacity | H11: 120 | I11: g | J11: W | K11: none | L11: input data based on multiple sources | N11: see log entry | O11: [kalt2021]_material_intensity
A12: use phase - electricity infrastructure | B12: Generation - Geothermal | C12: various | D12: Global | E12: copper | F12: none | G12: Mass per power capacity | H12: 1.7 | I12: g | J12: W | K12: none | L12: input data based on multiple sources | M12: 13; 0.59*value; 1.41*value | N12: see log entry | O12: [kalt2021]_material_intensity
A13: use phase - electricity infrastructure | B13: Generation - Geothermal | C13: various | D13: Global | E13: aluminium | F13: none | G13: Mass per power capacity | H13: 5.3 | I13: g | J13: W | K13: none | L13: input data based on multiple sources | M13: 13; 0.72*value; 1.28*value | N13: see log entry | O13: [kalt2021]_material_intensity
A14: use phase - electricity infrastructure | B14: Generation - Wind Onshore | C14: various | D14: Global | E14: steel | F14: none | G14: Mass per power capacity | H14: 142 | I14: g | J14: W | K14: none | L14: input data based on multiple sources | M14: 13; 1.3*value; 0.7*value | N14: see log entry | O14: [kalt2021]_material_intensity
A15: use phase - electricity infrastructure | B15: Generation - Wind Onshore | C15: various | D15: Global | E15: concrete | F15: none | G15: Mass per power capacity | H15: 502 | I15: g | J15: W | K15: none | L15: input data based on multiple sources | M15: 13; 0.51*value; 1.49*value | N15: see log entry | O15: [kalt2021]_material_intensity
A16: use phase - electricity infrastructure | B16: Generation - Wind Onshore | C16: various | D16: Global | E16: copper | F16: none | G16: Mass per power capacity | H16: 3.6 | I16: g | J16: W | K16: none | L16: input data based on multiple sources | M16: 13; 0.36*value; 1.64*value | N16: see log entry | O16: [kalt2021]_material_intensity
A17: use phase - electricity infrastructure | B17: Generation - Wind Onshore | C17: various | D17: Global | E17: aluminium | F17: none | G17: Mass per power capacity | H17: 2.7 | I17: g | J17: W | K17: none | L17: input data based on multiple sources | M17: 13; 0.3*value; 1.7*value | N17: see log entry | O17: [kalt2021]_material_intensity
A18: use phase - electricity infrastructure | B18: Generation - Wind Offshore | C18: various | D18: Global | E18: steel | F18: none | G18: Mass per power capacity | H18: 400 | I18: g | J18: W | K18: none | L18: input data based on multiple sources | M18: 13; 0.63*value; 1.38*value | N18: see log entry | O18: [kalt2021]_material_intensity
A19: use phase - electricity infrastructure | B19: Generation - Wind Offshore | C19: various | D19: Global | E19: concrete | F19: none | G19: Mass per power capacity | H19: 791 | I19: g | J19: W | K19: none | L19: input data based on multiple sources | M19: 13; 0*value; 2*value | N19: see log entry | O19: [kalt2021]_material_intensity
A20: use phase - electricity infrastructure | B20: Generation - Wind Offshore | C20: various | D20: Global | E20: copper | F20: none | G20: Mass per power capacity | H20: 6.8 | I20: g | J20: W | K20: none | L20: input data based on multiple sources | M20: 13; 0.21*value; 1.79*value | N20: see log entry | O20: [kalt2021]_material_intensity
A21: use phase - electricity infrastructure | B21: Generation - Wind Offshore | C21: various | D21: Global | E21: aluminium | F21: none | G21: Mass per power capacity | H21: 2.7 | I21: g | J21: W | K21: none | L21: input data based on multiple sources | M21: 13; 0.3*value; 1.7*value | N21: see log entry | O21: [kalt2021]_material_intensity
A22: use phase - electricity infrastructure | B22: Generation - PV (rooftop) | C22: various | D22: Global | E22: steel | F22: none | G22: Mass per power capacity | H22: 29 | I22: g | J22: W | K22: none | L22: input data based on multiple sources | M22: 13; 0.28*value; 1.72*value | N22: see log entry | O22: [kalt2021]_material_intensity
A23: use phase - electricity infrastructure | B23: Generation - PV (rooftop) | C23: various | D23: Global | E23: concrete | F23: none | G23: Mass per power capacity | H23: 0 | I23: g | J23: W | K23: none | L23: input data based on multiple sources | N23: see log entry | O23: [kalt2021]_material_intensity
A24: use phase - electricity infrastructure | B24: Generation - PV (rooftop) | C24: various | D24: Global | E24: copper | F24: none | G24: Mass per power capacity | H24: 3.2 | I24: g | J24: W | K24: none | L24: input data based on multiple sources | M24: 13; 0.31*value; 1.69*value | N24: see log entry | O24: [kalt2021]_material_intensity
A25: use phase - electricity infrastructure | B25: Generation - PV (rooftop) | C25: various | D25: Global | E25: aluminium | F25: none | G25: Mass per power capacity | H25: 31.5 | I25: g | J25: W | K25: none | L25: input data based on multiple sources | M25: 13; 0.41*value; 1.59*value | N25: see log entry | O25: [kalt2021]_material_intensity
A26: use phase - electricity infrastructure | B26: Generation - PV (ground-mntd.) | C26: various | D26: Global | E26: steel | F26: none | G26: Mass per power capacity | H26: 111 | I26: g | J26: W | K26: none | L26: input data based on multiple sources | M26: 13; 1.59*value; 0.41*value | N26: see log entry | O26: [kalt2021]_material_intensity
A27: use phase - electricity infrastructure | B27: Generation - PV (ground-mntd.) | C27: various | D27: Global | E27: concrete | F27: none | G27: Mass per power capacity | H27: 383 | I27: g | J27: W | K27: none | L27: input data based on multiple sources | M27: 13; 0.21*value; 1.79*value | N27: see log entry | O27: [kalt2021]_material_intensity
A28: use phase - electricity infrastructure | B28: Generation - PV (ground-mntd.) | C28: various | D28: Global | E28: copper | F28: none | G28: Mass per power capacity | H28: 3.2 | I28: g | J28: W | K28: none | L28: input data based on multiple sources | M28: 13; 0.31*value; 1.69*value | N28: see log entry | O28: [kalt2021]_material_intensity
A29: use phase - electricity infrastructure | B29: Generation - PV (ground-mntd.) | C29: various | D29: Global | E29: aluminium | F29: none | G29: Mass per power capacity | H29: 31.5 | I29: g | J29: W | K29: none | L29: input data based on multiple sources | M29: 13; 0.41*value; 1.59*value | N29: see log entry | O29: [kalt2021]_material_intensity
A30: use phase - electricity infrastructure | B30: Generation - CSP | C30: various | D30: Global | E30: steel | F30: none | G30: Mass per power capacity | H30: 510 | I30: g | J30: W | K30: none | L30: input data based on multiple sources | M30: 13; 0.33*value; 1.67*value | N30: see log entry | O30: [kalt2021]_material_intensity
A31: use phase - electricity infrastructure | B31: Generation - CSP | C31: various | D31: Global | E31: concrete | F31: none | G31: Mass per power capacity | H31: 465 | I31: g | J31: W | K31: none | L31: input data based on multiple sources | M31: 13; 0.22*value; 1.78*value | N31: see log entry | O31: [kalt2021]_material_intensity
A32: use phase - electricity infrastructure | B32: Generation - CSP | C32: various | D32: Global | E32: copper | F32: none | G32: Mass per power capacity | H32: 3.9 | I32: g | J32: W | K32: none | L32: input data based on multiple sources | M32: 13; 0.21*value; 1.79*value | N32: see log entry | O32: [kalt2021]_material_intensity
A33: use phase - electricity infrastructure | B33: Generation - CSP | C33: various | D33: Global | E33: aluminium | F33: none | G33: Mass per power capacity | H33: 13.3 | I33: g | J33: W | K33: none | L33: input data based on multiple sources | M33: 13; 0.2*value; 1.8*value | N33: see log entry | O33: [kalt2021]_material_intensity
A34: use phase - electricity infrastructure | B34: Generation - Bioenergy | C34: various | D34: Global | E34: steel | F34: none | G34: Mass per power capacity | H34: 198 | I34: g | J34: W | K34: none | L34: input data based on multiple sources | M34: 13; 0.35*value; 1.65*value | N34: see log entry | O34: [kalt2021]_material_intensity
A35: use phase - electricity infrastructure | B35: Generation - Bioenergy | C35: various | D35: Global | E35: concrete | F35: none | G35: Mass per power capacity | H35: 540 | I35: g | J35: W | K35: none | L35: input data based on multiple sources | M35: 13; 0.7*value; 1.3*value | N35: see log entry | O35: [kalt2021]_material_intensity
A36: use phase - electricity infrastructure | B36: Generation - Bioenergy | C36: various | D36: Global | E36: copper | F36: none | G36: Mass per power capacity | H36: 2.5 | I36: g | J36: W | K36: none | L36: input data based on multiple sources | N36: see log entry | O36: [kalt2021]_material_intensity
A37: use phase - electricity infrastructure | B37: Generation - Bioenergy | C37: various | D37: Global | E37: aluminium | F37: none | G37: Mass per power capacity | H37: 2.3 | I37: g | J37: W | K37: none | L37: input data based on multiple sources | M37: 13; 0.43*value; 1.57*value | N37: see log entry | O37: [kalt2021]_material_intensity
A38: use phase - electricity infrastructure | B38: Generation - Coal | C38: various | D38: Global | E38: steel | F38: none | G38: Mass per power capacity | H38: 65 | I38: g | J38: W | K38: none | L38: input data based on multiple sources | M38: 13; 0.46*value; 1.54*value | N38: see log entry | O38: [kalt2021]_material_intensity
A39: use phase - electricity infrastructure | B39: Generation - Coal | C39: various | D39: Global | E39: concrete | F39: none | G39: Mass per power capacity | H39: 275 | I39: g | J39: W | K39: none | L39: input data based on multiple sources | M39: 13; 0.36*value; 1.64*value | N39: see log entry | O39: [kalt2021]_material_intensity
A40: use phase - electricity infrastructure | B40: Generation - Coal | C40: various | D40: Global | E40: copper | F40: none | G40: Mass per power capacity | H40: 2 | I40: g | J40: W | K40: none | L40: input data based on multiple sources | M40: 13; -0.5*value; 2.5*value | N40: see log entry | O40: [kalt2021]_material_intensity
A41: use phase - electricity infrastructure | B41: Generation - Coal | C41: various | D41: Global | E41: aluminium | F41: none | G41: Mass per power capacity | H41: 1.6 | I41: g | J41: W | K41: none | L41: input data based on multiple sources | M41: 13; 0.13*value; 1.88*value | N41: see log entry | O41: [kalt2021]_material_intensity
A42: use phase - electricity infrastructure | B42: Generation - Gas | C42: various | D42: Global | E42: steel | F42: none | G42: Mass per power capacity | H42: 30 | I42: g | J42: W | K42: none | L42: input data based on multiple sources | M42: 13; 0.33*value; 1.67*value | N42: see log entry | O42: [kalt2021]_material_intensity
A43: use phase - electricity infrastructure | B43: Generation - Gas | C43: various | D43: Global | E43: concrete | F43: none | G43: Mass per power capacity | H43: 60 | I43: g | J43: W | K43: none | L43: input data based on multiple sources | M43: 13; 0.75*value; 1.25*value | N43: see log entry | O43: [kalt2021]_material_intensity
A44: use phase - electricity infrastructure | B44: Generation - Gas | C44: various | D44: Global | E44: copper | F44: none | G44: Mass per power capacity | H44: 1.1 | I44: g | J44: W | K44: none | L44: input data based on multiple sources | M44: 13; 0.55*value; 1.45*value | N44: see log entry | O44: [kalt2021]_material_intensity
A45: use phase - electricity infrastructure | B45: Generation - Gas | C45: various | D45: Global | E45: aluminium | F45: none | G45: Mass per power capacity | H45: 0.9 | I45: g | J45: W | K45: none | L45: input data based on multiple sources | M45: 13; 0.11*value; 1.89*value | N45: see log entry | O45: [kalt2021]_material_intensity
A46: use phase - electricity infrastructure | B46: Generation - Oil | C46: various | D46: Global | E46: steel | F46: none | G46: Mass per power capacity | H46: 33 | I46: g | J46: W | K46: none | L46: input data based on multiple sources | M46: 13; 0.45*value; 1.55*value | N46: see log entry | O46: [kalt2021]_material_intensity
A47: use phase - electricity infrastructure | B47: Generation - Oil | C47: various | D47: Global | E47: concrete | F47: none | G47: Mass per power capacity | H47: 63 | I47: g | J47: W | K47: none | L47: input data based on multiple sources | M47: 13; 0.79*value; 1.21*value | N47: see log entry | O47: [kalt2021]_material_intensity
A48: use phase - electricity infrastructure | B48: Generation - Oil | C48: various | D48: Global | E48: copper | F48: none | G48: Mass per power capacity | H48: 0.9 | I48: g | J48: W | K48: none | L48: input data based on multiple sources | M48: 13; 0.67*value; 1.33*value | N48: see log entry | O48: [kalt2021]_material_intensity
A49: use phase - electricity infrastructure | B49: Generation - Oil | C49: various | D49: Global | E49: aluminium | F49: none | G49: Mass per power capacity | H49: 1 | I49: g | J49: W | K49: none | L49: input data based on multiple sources | M49: 13; -3*value; 5*value | N49: see log entry | O49: [kalt2021]_material_intensity
A50: use phase - electricity infrastructure | B50: Generation - Nuclear | C50: various | D50: Global | E50: steel | F50: none | G50: Mass per power capacity | H50: 90 | I50: g | J50: W | K50: none | L50: input data based on multiple sources | M50: 13; 0.78*value; 1.22*value | N50: see log entry | O50: [kalt2021]_material_intensity
A51: use phase - electricity infrastructure | B51: Generation - Nuclear | C51: various | D51: Global | E51: concrete | F51: none | G51: Mass per power capacity | H51: 650 | I51: g | J51: W | K51: none | L51: input data based on multiple sources | M51: 13; 0.62*value; 1.38*value | N51: see log entry | O51: [kalt2021]_material_intensity
A52: use phase - electricity infrastructure | B52: Generation - Nuclear | C52: various | D52: Global | E52: copper | F52: none | G52: Mass per power capacity | H52: 8.2 | I52: g | J52: W | K52: none | L52: input data based on multiple sources | M52: 13; 0.17*value; 1.83*value | N52: see log entry | O52: [kalt2021]_material_intensity
A53: use phase - electricity infrastructure | B53: Generation - Nuclear | C53: various | D53: Global | E53: aluminium | F53: none | G53: Mass per power capacity | H53: 0.6 | I53: g | J53: W | K53: none | L53: input data based on multiple sources | M53: 13; 0.33*value; 1.67*value | N53: see log entry | O53: [kalt2021]_material_intensity
A54: use phase - electricity infrastructure | B54: Transmission - HV lines - underground | C54: 2012 | D54: Global | E54: concrete | F54: none | G54: Mass per km line length | H54: 209137.5 | I54: kg | J54: km | K54: none | L54: combined average of a 150 kV & a 400 kV line (includes masts, foundation, conductors, insulators) | N54: literature_id: 25 | O54: [lines2024]_material_intensity
A55: use phase - electricity infrastructure | B55: Transmission - HV lines - underground | C55: 2012 | D55: Global | E55: steel | F55: none | G55: Mass per km line length | H55: 52266 | I55: kg | J55: km | K55: none | L55: combined average of a 150 kV & a 400 kV line (includes masts, foundation, conductors, insulators) | N55: literature_id: 25 | O55: [lines2024]_material_intensity
A56: use phase - electricity infrastructure | B56: Transmission - HV lines - underground | C56: 2012 | D56: Global | E56: zinc | F56: none | G56: Mass per km line length | H56: 900 | I56: kg | J56: km | K56: none | L56: combined average of a 150 kV & a 400 kV line (includes masts, foundation, conductors, insulators) | N56: literature_id: 25 | O56: [lines2024]_material_intensity
A57: use phase - electricity infrastructure | B57: Transmission - HV lines - underground | C57: 2012 | D57: Global | E57: glass | F57: none | G57: Mass per km line length | H57: 1096.5 | I57: kg | J57: km | K57: none | L57: combined average of a 150 kV & a 400 kV line (includes masts, foundation, conductors, insulators) | N57: literature_id: 25 | O57: [lines2024]_material_intensity
A58: use phase - electricity infrastructure | B58: Transmission - HV lines - underground | C58: 2012 | D58: Global | E58: aluminium | F58: none | G58: Mass per km line length | H58: 12883 | I58: kg | J58: km | K58: none | L58: combined average of a 150 kV & a 400 kV line (includes masts, foundation, conductors, insulators) | N58: literature_id: 25 | O58: [lines2024]_material_intensity
A59: use phase - electricity infrastructure | B59: Transmission - HV lines - overhead | C59: 2012 | D59: Global | E59: copper | F59: none | G59: Mass per km line length | H59: 11650 | I59: kg | J59: km | K59: none | L59: combined average of a 150 kV & a HVDC underground cable line | N59: literature_id: 25 | O59: [lines2024]_material_intensity
A60: use phase - electricity infrastructure | B60: Transmission - HV lines - overhead | C60: 2012 | D60: Global | E60: asphalt | F60: none | G60: Mass per km line length | H60: 37850 | I60: kg | J60: km | K60: none | L60: combined average of a 150 kV & a HVDC underground cable line | N60: literature_id: 25 | O60: [lines2024]_material_intensity
A61: use phase - electricity infrastructure | B61: Transmission - HV lines - overhead | C61: 2012 | D61: Global | E61: lead | F61: none | G61: Mass per km line length | H61: 14050 | I61: kg | J61: km | K61: none | L61: combined average of a 150 kV & a HVDC underground cable line | N61: literature_id: 25 | O61: [lines2024]_material_intensity
A62: use phase - electricity infrastructure | B62: Transmission - HV lines - overhead | C62: 2012 | D62: Global | E62: plastics | F62: none | G62: Mass per km line length | H62: 2300 | I62: kg | J62: km | K62: none | L62: combined average of a 150 kV & a HVDC underground cable line | N62: literature_id: 25 | O62: [lines2024]_material_intensity
A63: use phase - electricity infrastructure | B63: Transmission - MV lines - overhead | C63: 2010 | D63: unknown | E63: steel | F63: none | G63: Mass per km line length | H63: 802.33 | I63: kg | J63: km | K63: none | L63: combined average of 3 different overhead lines at 11kV | N63: literature_id: 26 | O63: [lines2024]_material_intensity
A64: use phase - electricity infrastructure | B64: Transmission - MV lines - overhead | C64: 2010 | D64: unknown | E64: copper | F64: none | G64: Mass per km line length | H64: 1487.67 | I64: kg | J64: km | K64: none | L64: combined average of 3 different overhead lines at 11kV | N64: literature_id: 26 | O64: [lines2024]_material_intensity
A65: use phase - electricity infrastructure | B65: Transmission - MV lines - overhead | C65: 2010 | D65: unknown | E65: plastics | F65: none | G65: Mass per km line length | H65: 19.33 | I65: kg | J65: km | K65: none | L65: combined average of 3 different overhead lines at 11kV | N65: literature_id: 26 | O65: [lines2024]_material_intensity
... A92: use phase - electricity infrastructure | B92: Transmission - HV lines - overhead | C92: 2022 | D92: Netherlands | E92: steel | F92: none | G92: Mass per km line length | H92: 38118 | I92: kg | J92: km | K92: none | L92: includes towers (assumed 3.06 towers per km, own assumptions) and an assumption of 12 parallel HV cables for each km of circuit based on personal communication with the authors (19-08-2022) | N92: literature_id: 29 | O92: [lines2024]_material_intensity
A93: use phase - electricity infrastructure | B93: Transmission - HV lines - underground | C93: 2022 | D93: Netherlands | E93: copper | F93: none | G93: Mass per km line length | H93: 6050 | I93: kg | J93: km | K93: none | N93: literature_id: 29 | O93: [lines2024]_material_intensity
A94: use phase - electricity infrastructure | B94: Transmission - MV lines - underground | C94: 2022 | D94: Netherlands | E94: aluminium | F94: none | G94: Mass per km line length | H94: 1701.9 | I94: kg | J94: km | K94: none | N94: literature_id: 29 | O94: [lines2024]_material_intensity
A95: use phase - electricity infrastructure | B95: Transmission - MV lines - underground | C95: 2022 | D95: Netherlands | E95: copper | F95: none | G95: Mass per km line length | H95: 75.6 | I95: kg | J95: km | K95: none | N95: literature_id: 29 | O95: [lines2024]_material_intensity
A96: use phase - electricity infrastructure | B96: Transmission - LV lines - underground | C96: 2022 | D96: Netherlands | E96: aluminium | F96: none | G96: Mass per km line length | H96: 383.6 | I96: kg | J96: km | K96: none | N96: literature_id: 29 | O96: [lines2024]_material_intensity
A97: use phase - electricity infrastructure | B97: Transmission - LV lines - underground | C97: 2022 | D97: Netherlands | E97: copper | F97: none | G97: Mass per km line length | H97: 864 | I97: kg | J97: km | K97: none | N97: literature_id: 29 | O97: [lines2024]_material_intensity
A98: use phase - electricity infrastructure | B98: Generation - Wind Onshore | C98: various | D98: Global | E98: Cement | F98: none | G98: Mass per power capacity | H98: =AVERAGEIFS(raw_data_Wang2023!T:T,raw_data_Wang2023!S:S,Data!E98,raw_data_Wang2023!R:R,B98) -> 53611.5 | I98: ton | J98: GW | K98: none | L98: This cement is related with the concrete reported | M98: =CONCATENATE("13;",ROUND(_xlfn.MINIFS(raw_data_Wang2023!T:T,raw_data_Wang2023!S:S,Data!E128,raw_data_Wang2023!R:R,B98)/H98,2),"*value;",ROUND(_xlfn.MAXIFS(raw_data_Wang2023!T:T,raw_data_Wang2023!S:S,Data!E128,raw_data_Wang2023!R:R,B98)/H98,2),"*value") -> 13;0,03*value;0,13*value | N98: literature_id: 30 | O98: [wang2023]_material_intensity
A99: use phase - electricity infrastructure | B99: Generation - Wind Onshore | C99: various | D99: Global | E99: Steel | F99: none | G99: Mass per power capacity | H99: =AVERAGEIFS(raw_data_Wang2023!T:T,raw_data_Wang2023!S:S,Data!E99,raw_data_Wang2023!R:R,B99) -> 123948 | I99: ton | J99: GW | K99: none | M99: =CONCATENATE("13;",ROUND(_xlfn.MINIFS(raw_data_Wang2023!T:T,raw_data_Wang2023!S:S,Data!E129,raw_data_Wang2023!R:R,B99)/H99,2),"*value;",ROUND(_xlfn.MAXIFS(raw_data_Wang2023!T:T,raw_data_Wang2023!S:S,Data!E129,raw_data_Wang2023!R:R,B99)/H99,2),"*value") -> 13;0,31*value;0,59*value | N99: literature_id: 30 | O99: [wang2023]_material_intensity
A100: use phase - electricity infrastructure | B100: Generation - Wind Onshore | C100: various | D100: Global | E100: Copper | F100: none | G100: Mass per power capacity | H100: =AVERAGEIFS(raw_data_Wang2023!T:T,raw_data_Wang2023!S:S,Data!E100,raw_data_Wang2023!R:R,B100) -> 3445.6364 | I100: ton | J100: GW | K100: none | M100: =CONCATENATE("13;",ROUND(_xlfn.MINIFS(raw_data_Wang2023!T:T,raw_data_Wang2023!S:S,Data!E130,raw_data_Wang2023!R:R,B100)/H100,2),"*value;",ROUND(_xlfn.MAXIFS(raw_data_Wang2023!T:T,raw_data_Wang2023!S:S,Data!E130,raw_data_Wang2023!R:R,B100)/H100,2),"*value") -> 13;34,97*value;37,87*value | N100: literature_id: 30 | O100: [wang2023]_material_intensity
A101: use phase - electricity infrastructure | B101: Generation - Wind Onshore | C101: various | D101: Global | E101: Aluminum | F101: none | G101: Mass per power capacity | H101: =AVERAGEIFS(raw_data_Wang2023!T:T,raw_data_Wang2023!S:S,Data!E101,raw_data_Wang2023!R:R,B101) -> 7726.6667 | I101: ton | J101: GW | K101: none | M101: =CONCATENATE("13;",ROUND(_xlfn.MINIFS(raw_data_Wang2023!T:T,raw_data_Wang2023!S:S,Data!E131,raw_data_Wang2023!R:R,B101)/H101,2),"*value;",ROUND(_xlfn.MAXIFS(raw_data_Wang2023!T:T,raw_data_Wang2023!S:S,Data!E131,raw_data_Wang2023!R:R,B101)/H101,2),"*value") -> 13;0,63*value;1,71*value | N101: literature_id: 30 | O101: [wang2023]_material_intensity
A102: use phase - electricity infrastructure | B102: Generation - Wind Onshore | C102: various | D102: Global | E102: Fiberglass (ceramic/glass) | F102: none | G102: Mass per power capacity | H102: =AVERAGEIFS(raw_data_Wang2023!T:T,raw_data_Wang2023!S:S,Data!E102,raw_data_Wang2023!R:R,B102) -> 7912 | I102: ton | J102: GW | K102: none | M102: =CONCATENATE("13;",ROUND(_xlfn.MINIFS(raw_data_Wang2023!T:T,raw_data_Wang2023!S:S,Data!E132,raw_data_Wang2023!R:R,B102)/H102,2),"*value;",ROUND(_xlfn.MAXIFS(raw_data_Wang2023!T:T,raw_data_Wang2023!S:S,Data!E132,raw_data_Wang2023!R:R,B102)/H102,2),"*value") -> 13;0,21*value;0,85*value | N102: literature_id: 30 | O102: [wang2023]_material_intensity
A103: use phase - electricity infrastructure | B103: Generation - Wind Offshore | C103: various | D103: Global | E103: Fiberglass (ceramic/glass) | F103: none | G103: Mass per power capacity | H103: =AVERAGEIFS(raw_data_Wang2023!T:T,raw_data_Wang2023!S:S,Data!E103,raw_data_Wang2023!R:R,B103) -> 7792.2 | I103: ton | J103: GW | K103: none | L103: Average from 2 to 5 MW | M103: =CONCATENATE("13;",ROUND(_xlfn.MINIFS(raw_data_Wang2023!T:T,raw_data_Wang2023!S:S,Data!E134,raw_data_Wang2023!R:R,B103)/H103,2),"*value;",ROUND(_xlfn.MAXIFS(raw_data_Wang2023!T:T,raw_data_Wang2023!S:S,Data!E134,raw_data_Wang2023!R:R,B103)/H103,2),"*value") -> 13;18,94*value;117,71*value | N103: literature_id: 30 | O103: [wang2023]_material_intensity
A104: use phase - electricity infrastructure | B104: Generation - Wind Offshore | C104: various | D104: Global | E104: Steel | F104: none | G104: Mass per power capacity | H104: =AVERAGEIFS(raw_data_Wang2023!T:T,raw_data_Wang2023!S:S,Data!E104,raw_data_Wang2023!R:R,B104) -> 518313.6 | I104: ton | J104: GW | K104: none | L104: Average from 2 to 5 MW | M104: =CONCATENATE("13;",ROUND(_xlfn.MINIFS(raw_data_Wang2023!T:T,raw_data_Wang2023!S:S,Data!E135,raw_data_Wang2023!R:R,B104)/H104,2),"*value;",ROUND(_xlfn.MAXIFS(raw_data_Wang2023!T:T,raw_data_Wang2023!S:S,Data!E135,raw_data_Wang2023!R:R,B104)/H104,2),"*value") -> 13;0*value;0*value | N104: literature_id: 30 | O104: [wang2023]_material_intensity
A105: use phase - electricity infrastructure | B105: Generation - Wind Offshore | C105: various | D105: Global | E105: Copper | F105: none | G105: Mass per power capacity | H105: =AVERAGEIFS(raw_data_Wang2023!T:T,raw_data_Wang2023!S:S,Data!E105,raw_data_Wang2023!R:R,B105) -> 6229.1429 | I105: ton | J105: GW | K105: none | L105: Average from 2 to 5 MW | M105: =CONCATENATE("13;",ROUND(_xlfn.MINIFS(raw_data_Wang2023!T:T,raw_data_Wang2023!S:S,Data!E136,raw_data_Wang2023!R:R,B105)/H105,2),"*value;",ROUND(_xlfn.MAXIFS(raw_data_Wang2023!T:T,raw_data_Wang2023!S:S,Data!E136,raw_data_Wang2023!R:R,B105)/H105,2),"*value") -> 13;0,26*value;1,61*value | N105: literature_id: 30 | O105: [wang2023]_material_intensity
A106: use phase - electricity infrastructure | B106: Generation - Wind Offshore | C106: various | D106: Global | E106: Aluminum | F106: none | G106: Mass per power capacity | H106: =AVERAGEIFS(raw_data_Wang2023!T:T,raw_data_Wang2023!S:S,Data!E106,raw_data_Wang2023!R:R,B106) -> 1098.4 | I106: ton | J106: GW | K106: none | L106: Average from 2 to 5 MW | M106: =CONCATENATE("13;",ROUND(_xlfn.MINIFS(raw_data_Wang2023!T:T,raw_data_Wang2023!S:S,Data!E137,raw_data_Wang2023!R:R,B106)/H106,2),"*value;",ROUND(_xlfn.MAXIFS(raw_data_Wang2023!T:T,raw_data_Wang2023!S:S,Data!E137,raw_data_Wang2023!R:R,B106)/H106,2),"*value") -> 13;0,13*value;0,2*value | N106: literature_id: 30 | O106: [wang2023]_material_intensity
A107: use phase - electricity infrastructure | B107: Generation - Wind Offshore | C107: various | D107: Global | E107: Cement | F107: none | G107: Mass per power capacity | H107: =AVERAGEIFS(raw_data_Wang2023!T:T,raw_data_Wang2023!S:S,Data!E107,raw_data_Wang2023!R:R,B107) -> 181 | I107: ton | J107: GW | K107: none | L107: Average from 2 to 5 MW | M107: =CONCATENATE("13;",ROUND(_xlfn.MINIFS(raw_data_Wang2023!T:T,raw_data_Wang2023!S:S,Data!E138,raw_data_Wang2023!R:R,B107)/H107,2),"*value;",ROUND(_xlfn.MAXIFS(raw_data_Wang2023!T:T,raw_data_Wang2023!S:S,Data!E138,raw_data_Wang2023!R:R,B107)/H107,2),"*value") -> 13;815,34*value;5067,54*value | N107: literature_id: 30 | O107: [wang2023]_material_intensity
A108: use phase - electricity infrastructure | B108: Generation - PV | C108: various | E108: Steel | F108: none | G108: Mass per power capacity | H108: =AVERAGEIFS(raw_data_Wang2023!T:T,raw_data_Wang2023!S:S,Data!E108,raw_data_Wang2023!R:R,B108) -> 61633.333 | I108: ton | J108: GW | K108: none | L108: c-Si | M108: =CONCATENATE("13;",ROUND(_xlfn.MINIFS(raw_data_Wang2023!T:T,raw_data_Wang2023!S:S,Data!E140,raw_data_Wang2023!R:R,B108)/H108,2),"*value;",ROUND(_xlfn.MAXIFS(raw_data_Wang2023!T:T,raw_data_Wang2023!S:S,Data!E140,raw_data_Wang2023!R:R,B108)/H108,2),"*value") -> 13;0,08*value;0,12*value | N108: literature_id: 30 | O108: [wang2023]_material_intensity
A109: use phase - electricity infrastructure | B109: Generation - PV | C109: various | E109: Glass | F109: none | G109: Mass per power capacity | H109: =AVERAGEIFS(raw_data_Wang2023!T:T,raw_data_Wang2023!S:S,Data!E109,raw_data_Wang2023!R:R,B109) -> 60025 | I109: ton | J109: GW | K109: none | L109: c-Si | M109: =CONCATENATE("13;",ROUND(_xlfn.MINIFS(raw_data_Wang2023!T:T,raw_data_Wang2023!S:S,Data!E141,raw_data_Wang2023!R:R,B109)/H109,2),"*value;",ROUND(_xlfn.MAXIFS(raw_data_Wang2023!T:T,raw_data_Wang2023!S:S,Data!E141,raw_data_Wang2023!R:R,B109)/H109,2),"*value") -> 13;0,08*value;0,18*value | N109: literature_id: 30 | O109: [wang2023]_material_intensity
A110: use phase - electricity infrastructure | B110: Generation - PV | C110: various | E110: Aluminum | F110: none | G110: Mass per power capacity | H110: =AVERAGEIFS(raw_data_Wang2023!T:T,raw_data_Wang2023!S:S,Data!E110,raw_data_Wang2023!R:R,B110) -> 21250 | I110: ton | J110: GW | K110: none | L110: c-Si | M110: =CONCATENATE("13;",ROUND(_xlfn.MINIFS(raw_data_Wang2023!T:T,raw_data_Wang2023!S:S,Data!E142,raw_data_Wang2023!R:R,B110)/H110,2),"*value;",ROUND(_xlfn.MAXIFS(raw_data_Wang2023!T:T,raw_data_Wang2023!S:S,Data!E142,raw_data_Wang2023!R:R,B110)/H110,2),"*value") -> 13;2,63*value;3,44*value | N110: literature_id: 30 | O110: [wang2023]_material_intensity
A111: use phase - electricity infrastructure | B111: Generation - PV | C111: various | E111: Copper | F111: none | G111: Mass per power capacity | H111: =AVERAGEIFS(raw_data_Wang2023!T:T,raw_data_Wang2023!S:S,Data!E111,raw_data_Wang2023!R:R,B111) -> 6607.5 | I111: ton | J111: GW | K111: none | L111: c-Si | M111: =CONCATENATE("13;",ROUND(_xlfn.MINIFS(raw_data_Wang2023!T:T,raw_data_Wang2023!S:S,Data!E143,raw_data_Wang2023!R:R,B111)/H111,2),"*value;",ROUND(_xlfn.MAXIFS(raw_data_Wang2023!T:T,raw_data_Wang2023!S:S,Data!E143,raw_data_Wang2023!R:R,B111)/H111,2),"*value") -> 13;1,29*value;5,83*value | N111: literature_id: 30 | O111: [wang2023]_material_intensity
A112: use phase - electricity infrastructure | B112: Generation - PV | C112: various | E112: Silicon | F112: none | G112: Mass per power capacity | H112: =AVERAGEIFS(raw_data_Wang2023!T:T,raw_data_Wang2023!S:S,Data!E112,raw_data_Wang2023!R:R,B112) -> 3376.125 | I112: ton | J112: GW | K112: none | L112: c-Si | M112: =CONCATENATE("13;",ROUND(_xlfn.MINIFS(raw_data_Wang2023!T:T,raw_data_Wang2023!S:S,Data!E144,raw_data_Wang2023!R:R,B112)/H112,2),"*value;",ROUND(_xlfn.MAXIFS(raw_data_Wang2023!T:T,raw_data_Wang2023!S:S,Data!E144,raw_data_Wang2023!R:R,B112)/H112,2),"*value") -> 13;1,45*value;2,23*value | N112: literature_id: 30 | O112: [wang2023]_material_intensity
A113: use phase - electricity infrastructure | B113: Generation - CSP | C113: various | E113: Ag | F113: none | G113: Mass per power capacity | H113: =AVERAGEIFS(raw_data_Wang2023!T:T,raw_data_Wang2023!S:S,Data!E113,raw_data_Wang2023!R:R,B113) -> 14.5 | I113: ton | J113: GW | K113: none | L113: =raw_data_Wang2023!B265 -> CSP trough | M113: =CONCATENATE("13;",ROUND(_xlfn.MINIFS(raw_data_Wang2023!T:T,raw_data_Wang2023!S:S,Data!E146,raw_data_Wang2023!R:R,B113)/H113,2),"*value;",ROUND(_xlfn.MAXIFS(raw_data_Wang2023!T:T,raw_data_Wang2023!S:S,Data!E146,raw_data_Wang2023!R:R,B113)/H113,2),"*value") -> 13;16551,72*value;27586,21*value | N113: literature_id: 30 | O113: [wang2023]_material_intensity
A114: use phase - electricity infrastructure | B114: Generation - CSP | C114: various | E114: Aluminum | F114: none | G114: Mass per power capacity | H114: =AVERAGEIFS(raw_data_Wang2023!T:T,raw_data_Wang2023!S:S,Data!E114,raw_data_Wang2023!R:R,B114) -> 5500 | I114: ton | J114: GW | K114: none | L114: =L113 -> CSP trough | M114: =CONCATENATE("13;",ROUND(_xlfn.MINIFS(raw_data_Wang2023!T:T,raw_data_Wang2023!S:S,Data!E147,raw_data_Wang2023!R:R,B114)/H114,2),"*value;",ROUND(_xlfn.MAXIFS(raw_data_Wang2023!T:T,raw_data_Wang2023!S:S,Data!E147,raw_data_Wang2023!R:R,B114)/H114,2),"*value") -> 13;0*value;2*value | N114: literature_id: 30 | O114: [wang2023]_material_intensity
A115: use phase - electricity infrastructure | B115: Generation - CSP | C115: various | E115: Cement | F115: none | G115: Mass per power capacity | H115: =AVERAGEIFS(raw_data_Wang2023!T:T,raw_data_Wang2023!S:S,Data!E115,raw_data_Wang2023!R:R,B115) -> 161000 | I115: ton | J115: GW | K115: none | L115: =L114 -> CSP trough | M115: =CONCATENATE("13;",ROUND(_xlfn.MINIFS(raw_data_Wang2023!T:T,raw_data_Wang2023!S:S,Data!E148,raw_data_Wang2023!R:R,B115)/H115,2),"*value;",ROUND(_xlfn.MAXIFS(raw_data_Wang2023!T:T,raw_data_Wang2023!S:S,Data!E148,raw_data_Wang2023!R:R,B115)/H115,2),"*value") -> 13;0,01*value;0,02*value | N115: literature_id: 30 | O115: [wang2023]_material_intensity
A116: use phase - electricity infrastructure | B116: Generation - CSP | C116: various | E116: Copper | F116: none | G116: Mass per power capacity | H116: =AVERAGEIFS(raw_data_Wang2023!T:T,raw_data_Wang2023!S:S,Data!E116,raw_data_Wang2023!R:R,B116) -> 2300 | I116: ton | J116: GW | K116: none | L116: =L115 -> CSP trough | M116: =CONCATENATE("13;",ROUND(_xlfn.MINIFS(raw_data_Wang2023!T:T,raw_data_Wang2023!S:S,Data!E149,raw_data_Wang2023!R:R,B116)/H116,2),"*value;",ROUND(_xlfn.MAXIFS(raw_data_Wang2023!T:T,raw_data_Wang2023!S:S,Data!E149,raw_data_Wang2023!R:R,B116)/H116,2),"*value") -> 13;31,3*value;108,7*value | N116: literature_id: 30 | O116: [wang2023]_material_intensity
A117: use phase - electricity infrastructure | B117: Generation - CSP | C117: various | E117: Mn | F117: none | G117: Mass per power capacity | H117: =AVERAGEIFS(raw_data_Wang2023!T:T,raw_data_Wang2023!S:S,Data!E117,raw_data_Wang2023!R:R,B117) -> 3850 | I117: ton | J117: GW | K117: none | L117: =L116 -> CSP trough | M117: =CONCATENATE("13;",ROUND(_xlfn.MINIFS(raw_data_Wang2023!T:T,raw_data_Wang2023!S:S,Data!E150,raw_data_Wang2023!R:R,B117)/H117,2),"*value;",ROUND(_xlfn.MAXIFS(raw_data_Wang2023!T:T,raw_data_Wang2023!S:S,Data!E150,raw_data_Wang2023!R:R,B117)/H117,2),"*value") -> 13;62,34*value;103,9*value | N117: literature_id: 30 | O117: [wang2023]_material_intensity
A118: use phase - electricity infrastructure | B118: Generation - CSP | C118: various | E118: Ni | F118: none | G118: Mass per power capacity | H118: =AVERAGEIFS(raw_data_Wang2023!T:T,raw_data_Wang2023!S:S,Data!E118,raw_data_Wang2023!R:R,B118) -> 1420 | I118: ton | J118: GW | K118: none | L118: =L117 -> CSP trough | M118: =CONCATENATE("13;",ROUND(_xlfn.MINIFS(raw_data_Wang2023!T:T,raw_data_Wang2023!S:S,Data!E151,raw_data_Wang2023!R:R,B118)/H118,2),"*value;",ROUND(_xlfn.MAXIFS(raw_data_Wang2023!T:T,raw_data_Wang2023!S:S,Data!E151,raw_data_Wang2023!R:R,B118)/H118,2),"*value") -> 13;0*value;7,75*value | N118: literature_id: 30 | O118: [wang2023]_material_intensity
A119: use phase - electricity infrastructure | B119: Generation - CSP | C119: various | E119: Steel | F119: none | G119: Mass per power capacity | H119: =AVERAGEIFS(raw_data_Wang2023!T:T,raw_data_Wang2023!S:S,Data!E119,raw_data_Wang2023!R:R,B119) -> 320000 | I119: ton | J119: GW | K119: none | L119: =L118 -> CSP trough | M119: =CONCATENATE("13;",ROUND(_xlfn.MINIFS(raw_data_Wang2023!T:T,raw_data_Wang2023!S:S,Data!E152,raw_data_Wang2023!R:R,B119)/H119,2),"*value;",ROUND(_xlfn.MAXIFS(raw_data_Wang2023!T:T,raw_data_Wang2023!S:S,Data!E152,raw_data_Wang2023!R:R,B119)/H119,2),"*value") -> 13;0*value;0,01*value | N119: literature_id: 30 | O119: [wang2023]_material_intensity
A120: use phase - electricity infrastructure | B120: Generation - CSP | C120: various | E120: Glass | F120: none | G120: Mass per power capacity | H120: =AVERAGEIFS(raw_data_Wang2023!T:T,raw_data_Wang2023!S:S,Data!E120,raw_data_Wang2023!R:R,B120) -> 120000 | I120: ton | J120: GW | K120: none | L120: =L119 -> CSP trough | M120: =CONCATENATE("13;",ROUND(_xlfn.MINIFS(raw_data_Wang2023!T:T,raw_data_Wang2023!S:S,Data!E153,raw_data_Wang2023!R:R,B120)/H120,2),"*value;",ROUND(_xlfn.MAXIFS(raw_data_Wang2023!T:T,raw_data_Wang2023!S:S,Data!E153,raw_data_Wang2023!R:R,B120)/H120,2),"*value") -> 13;0,6*value;2,08*value | N120: literature_id: 30 | O120: [wang2023]_material_intensity
A121: use phase - electricity infrastructure | B121: Generation - Geothermal | C121: various | E121: Cement | F121: none | G121: Mass per power capacity | H121: =AVERAGEIFS(raw_data_Wang2023!T:T,raw_data_Wang2023!S:S,Data!E121,raw_data_Wang2023!R:R,B121) -> 393824.62 | I121: ton | J121: GW | K121: none | M121: =CONCATENATE("13;",ROUND(_xlfn.MINIFS(raw_data_Wang2023!T:T,raw_data_Wang2023!S:S,Data!E155,raw_data_Wang2023!R:R,B121)/H121,2),"*value;",ROUND(_xlfn.MAXIFS(raw_data_Wang2023!T:T,raw_data_Wang2023!S:S,Data!E155,raw_data_Wang2023!R:R,B121)/H121,2),"*value") -> 13;0*value;0,11*value | N121: literature_id: 30 | O121: [wang2023]_material_intensity
A122: use phase - electricity infrastructure | B122: Generation - Geothermal | C122: various | E122: Steel | F122: none | G122: Mass per power capacity | H122: =AVERAGEIFS(raw_data_Wang2023!T:T,raw_data_Wang2023!S:S,Data!E122,raw_data_Wang2023!R:R,B122) -> 544709 | I122: ton | J122: GW | K122: none | M122: =CONCATENATE("13;",ROUND(_xlfn.MINIFS(raw_data_Wang2023!T:T,raw_data_Wang2023!S:S,Data!E156,raw_data_Wang2023!R:R,B122)/H122,2),"*value;",ROUND(_xlfn.MAXIFS(raw_data_Wang2023!T:T,raw_data_Wang2023!S:S,Data!E156,raw_data_Wang2023!R:R,B122)/H122,2),"*value") -> 13;0*value;0,03*value | N122: literature_id: 30 | O122: [wang2023]_material_intensity
A123: use phase - electricity infrastructure | B123: Generation - Geothermal | C123: various | E123: Aluminum | F123: none | G123: Mass per power capacity | H123: =AVERAGEIFS(raw_data_Wang2023!T:T,raw_data_Wang2023!S:S,Data!E123,raw_data_Wang2023!R:R,B123) -> 16165.857 | I123: ton | J123: GW | K123: none | M123: =CONCATENATE("13;",ROUND(_xlfn.MINIFS(raw_data_Wang2023!T:T,raw_data_Wang2023!S:S,Data!E157,raw_data_Wang2023!R:R,B123)/H123,2),"*value;",ROUND(_xlfn.MAXIFS(raw_data_Wang2023!T:T,raw_data_Wang2023!S:S,Data!E157,raw_data_Wang2023!R:R,B123)/H123,2),"*value") -> 13;0*value;0*value | N123: literature_id: 30 | O123: [wang2023]_material_intensity
A124: use phase - electricity infrastructure | B124: Generation - Geothermal | C124: various | E124: Copper | F124: none | G124: Mass per power capacity | H124: =AVERAGEIFS(raw_data_Wang2023!T:T,raw_data_Wang2023!S:S,Data!E124,raw_data_Wang2023!R:R,B124) -> 7333.3333 | I124: ton | J124: GW | K124: none | M124: =CONCATENATE("13;",ROUND(_xlfn.MINIFS(raw_data_Wang2023!T:T,raw_data_Wang2023!S:S,Data!E158,raw_data_Wang2023!R:R,B124)/H124,2),"*value;",ROUND(_xlfn.MAXIFS(raw_data_Wang2023!T:T,raw_data_Wang2023!S:S,Data!E158,raw_data_Wang2023!R:R,B124)/H124,2),"*value") -> 13;0*value;0*value | N124: literature_id: 30 | O124: [wang2023]_material_intensity
A125: use phase - electricity infrastructure | B125: Generation - Hydro | C125: various | E125: Cement | F125: none | G125: Mass per power capacity | H125: =AVERAGEIFS(raw_data_Wang2023!T:T,raw_data_Wang2023!S:S,Data!E125,raw_data_Wang2023!R:R,B125) -> 1007209.8 | I125: ton | J125: GW | K125: none | M125: =CONCATENATE("13;",ROUND(_xlfn.MINIFS(raw_data_Wang2023!T:T,raw_data_Wang2023!S:S,Data!E160,raw_data_Wang2023!R:R,B125)/H125,2),"*value;",ROUND(_xlfn.MAXIFS(raw_data_Wang2023!T:T,raw_data_Wang2023!S:S,Data!E160,raw_data_Wang2023!R:R,B125)/H125,2),"*value") -> 13;0*value;0*value | N125: literature_id: 30 | O125: [wang2023]_material_intensity
A126: use phase - electricity infrastructure | B126: Generation - Hydro | C126: various | E126: Steel | F126: none | G126: Mass per power capacity | H126: =AVERAGEIFS(raw_data_Wang2023!T:T,raw_data_Wang2023!S:S,Data!E126,raw_data_Wang2023!R:R,B126) -> 83575 | I126: ton | J126: GW | K126: none | M126: =CONCATENATE("13;",ROUND(_xlfn.MINIFS(raw_data_Wang2023!T:T,raw_data_Wang2023!S:S,Data!E161,raw_data_Wang2023!R:R,B126)/H126,2),"*value;",ROUND(_xlfn.MAXIFS(raw_data_Wang2023!T:T,raw_data_Wang2023!S:S,Data!E161,raw_data_Wang2023!R:R,B126)/H126,2),"*value") -> 13;0*value;0*value | N126: literature_id: 30 | O126: [wang2023]_material_intensity
...

Sheet log
A1: Log entry name (link to column L on Data sheet) | B1: Which product_type? (CM_4: flow_categories, link to column B on Data sheet) | C1: Which material consuming sector? (CM_6: material_demand_sectors, link to column A on Data sheet) | D1: Date (mm-dd-yyyy) | E1: Who | F1: What - detailed description | G1: List items of ref sheet used
A2: example_1 | B2: concrete_residential_building_multi-familyHouse | C2: Buildings | D2: 45273 | E2: Meng Jiang | F2: Add an example | G2: 2
F3: Additional comments, assumptions, and proxy choices made:
F4: None.
F5: Qualitative evaluation of the data (coverage, overall quality and representativenss, technology readiness, scalability, quality evaluation of the data)
F6: None.
A8: [kalt2021]_material_intensity | B8: electricity generation technologies material intensity | C8: electricity | D8: 07.02.24 | E8: zotin | F8: Multiple sources used in Kalt et al., 2021 | G8: 1 to 23
F9: Additional comments, assumptions, and proxy choices made:
F10: None.
F11: Qualitative evaluation of the data (coverage, overall quality and representativenss, technology readiness, scalability, quality evaluation of the data)
F12: None.
A14: [deetman2021]_material_intensity | B14: Material intensities of electricity generation, storage & distribution | D14: 45629 | E14: deetman | F14: Data used in Deetman et al 2021, based on multiple sources | G14: 24
F15: Additional comments, assumptions, and proxy choices made:
F16: None.
F17: Qualitative evaluation of the data (coverage, overall quality and representativenss, technology readiness, scalability, quality evaluation of the data)
F18: None.
A20: [lines2024]_material_intensity | B20: Material intensities of transmission lines at various voltage levels | D20: 45629 | E20: deetman | F20: Material compositon data per km of transmission/distribution line collected from various studies and processed to represent average values for high voltage (HV: typically >135kV) medium voltage (MV: typically 1-135kV) and low voltage (LV: <1kV) grid lines | G20: 25 to
F21: Additional comments, assumptions, and proxy choices made:
F22: None.
F23: Qualitative evaluation of the data (coverage, overall quality and representativenss, technology readiness, scalability, quality evaluation of the data)
F24: None.
A26: [wang2023]_material_intensity | B26: electricity generation technologies material intensity | C26: electricity | D26: 03/15/2024 | E26: fortes | F26: Multiple sources used in Wang et al., 2023
F27: Additional comments, assumptions, and proxy choices made:
F28: None.
F29: Qualitative evaluation of the data (coverage, overall quality and representativenss, technology readiness, scalability, quality evaluation of the data)
F30: None.
A32: GRO2024_elec_weight | B32: various | C32: electricity | D32: 45386 | E32: Martijn van Engelenburg | F32: Added lightweighting assumptions from GRO2024
F33: Additional comments, assumptions, and proxy choices made:
F34: None.
F35: Qualitative evaluation of the data (coverage, overall quality and representativenss, technology readiness, scalability, quality evaluation of the data)
F36: None.

Sheet ref
B1: Dataset | C1: literature_id | D1: data source name/type/report | E1: authors | F1: title | G1: year | H1: journal_outlet_institution | I1: city | J1: DOI (for papers) and checksum (MD5) for datasets and scripts and URL | K1: URL or link to document, name of document | L1: copyright | M1: archive location | N1: notes
B2: D42_01_MC_MaterialComposition | C2: 1 | D2: journal article | E2: Deriving life cycle assessment coefficients for application in integrated assessment modelling | G2: 2018 | H2: Environ. Modell. Softw | J2: 10.1016/j.envsoft.2017.09.010
B3: D42_01_MC_MaterialComposition | C3: 2 | D3: journal article | E3: M.F. Ashby | F3: Materials for low-carbon power | G3: 2013 | H3: Materials and the Environment | J3: 10.1016/B978-0-12-385971-6.00012-9
B4: D42_01_MC_MaterialComposition | C4: 3 | D4: journal article | E4: A. Beylot, D. Guyonnet, S. Muller, S. Vaxelaire, J. Villeneuve | F4: Mineral raw material requirements and associated climate-change impacts of the French energy transition by 2050 | G4: 2019 | H4: J. Clean. Prod. | J4: 10.1016/j.jclepro.2018.10.154
B5: D42_01_MC_MaterialComposition | C5: 4 | D5: journal article | E5: A. Bonou, A. Laurent, S.I. Olsen | F5: Life cycle assessment of onshore and offshore wind energy-from theory to application | G5: 2016 | H5: Appl. Energy, | J5: 10.1016/j.apenergy.2016.07.058
C6: 5 | D6: journal article | E6: I. Capellán-Pérez, C. de Castro, L.J. Miguel González | F6: Dynamic Energy Return on Energy Investment (EROI) and material requirements in scenarios of global transition to renewable energies | G6: 2019 | H6: Energy Strategy Rev. | J6: 100399, 10.1016/j.esr.2019.100399
C7: 6 | D7: journal article | E7: J. Chipindula, V. Botlaguduru, H. Du, R. Kommalapati, Z. Huque | F7: Life cycle environmental impact of onshore and offshore wind farms in texas | G7: 2018 | H7: Sustainability | J7: 10.3390/su10062022
C8: 7 | D8: report | E8: R. Dones, C. Bauer, R. Bollinger, B. Burger, M. Faist Emmenegger, R. Frischknecht, T. Heck, N. Jungbluth, A. Röder, M. Tuchschmid | F8: Life Cycle Inventories of Energy Systems: Results for Current Systems in Switzerland and Other UCTE Countries | G8: 2007 | H8: Ecoinvent Report No5
C9: 8 | D9: journal article | E9: A. Elshkaki, T.E. Graedel | F9: Dynamic analysis of the global metals flows and stocks in electricity generation technologies | G9: 2013 | H9: J. Clean. Prod. | J9: 10.1016/j.jclepro.2013.07.003
C10: 9 | D10: journal article | E10: Z. Kis, N. Pandya, R.H.E.M Koppelaar | F10: Electricity generation technologies: comparison of materials use, energy return on investment, jobs creation and CO 2 emissions reduction | G10: 2018 | H10: Energy Policy | J10: 10.1016/j.enpol.2018.05.033
C11: 10 | D11: journal article | E11: F. Li, Z. Ye, X. Xiao, J. Xu, G. Liu | F11: Material stocks and flows of power infrastructure development in China | G11: 2020 | H11: Resour. Conservat. Recycl | J11: 10.1016/j.resconrec.2020.104906
C12: 11 | D12: journal article | E12: G. Luderer, M. Pehl, A. Arvesen, T. Gibon, B.L. Bodirsky, H.S. de Boer, O. Fricko, M. Hejazi, F. Humpenöder, G. Iyer, S. Mima, I. Mouratiadou, R.C. Pietzcker, A. Popp, M. van den Berg, D. van Vuuren, E.G. Hertwich | F12: Environmental co-benefits and adverse side-effects of alternative power sector decarbonization strategies | G12: 2019 | H12: Nat. Commun. | J12: 10.1038/s41467-019-13067-8
C13: 12 | D13: journal article | E13: A. Månberger, B. Stenqvist | F13: Global metal flows in the renewable energy transition: exploring the effects of substitutes, technological mix and development | G13: 2018 | H13: Energy Policy | J13: 10.1016/j.enpol.2018.04.056
C14: 13 | D14: journal article | E14: R.L. Moss, E. Tzimas, H. Kara, P. Willis, J. Kooroshy | F14: The potential risks from metals bottlenecks to the deployment of Strategic Energy Technologies | G14: 2013 | H14: Energy Policy | J14: 10.1016/j.enpol.2012.12.053
C15: 14 | D15: journal article | E15: S. Pacca, A. Horvath | F15: Greenhouse gas emissions from building and operating electric power plants in the upper Colorado river basin | G15: 2002 | H15: Environ. Sci. Technol., | J15: 3194-3200, 10.1021/es0155884
C16: 15 | D16: journal article | E16: K. Tokimatsu, M. Höök, B. McLellan, H. Wachtmeister, S. Murakami, R. Yasuoka, M. Nishio | F16: Energy modeling approach to the global energy-mineral nexus: exploring metal requirements and the well-below 2°C target with 100 percent renewable energy | G16: 2018 | H16: Appl. Energy, | J16: 10.1016/j.apenergy.2018.05.047
C17: 16 | D17: journal article | E17: A. Valero, A. Valero, G. Calvo, A. Ortego | F17: Material bottlenecks in the future development of green technologies | G17: 2018 | H17: Renew. Sustain. Energy Rev | J17: 10.1016/j.rser.2018.05.041
C18: 17 | D18: journal article | E18: O. Vidal, B. Goffé, N. Arndt | F18: Metals for a low-carbon society | G18: 2013 | H18: Nat. Geosci. | J18: 10.1038/ngeo1993
C19: 18 | D19: EPD | E19: The International EPD System ( | F19: EPD Database | G19: 2020
C20: 19 | D20: EPD | E20: Siemens Gamesa | F20: Environmental Product Declaration SG 8.0-167 DD | G20: 2019
C21: 20 | D21: life-cycle inventory data | E21: International Institute for Sustainability Analysis and Strategy, | F21: GEMIS 4.9—Global Emissions Model for integrated Systems | G21: 2020 | I21: Darmstadt, Germany | K21: http://iinas.org/gemis-download.html
C22: 21 | D22: report | E22: J.M. Bödeker, M. Bauer, M. Pehnt | F22: Aluminium and Renewable Energy Systems – Prospects For the Sustainable Generation of Electricity and Heat | G22: 2010 | H22: ifeu - Institut für Energie- und Umweltforschung Heidelberg GmbH (2010)
C23: 22 | D23: report | E23: IRENA | F23: Renewable Energy benefits: Leveraging Local Capacity for Solar PV | G23: 2017
C24: 23 | D24: report | E24: E. Rietveld, H. Boonman, T. van Harmelen, M. Hauck, T. Bastein | F24: Global Energy Transitions and Metal Demand. An Introduction and Circular Economy Perspectives | H24: TNO
C25: 24 | D25: journal article | E25: S. Deetman, H.S. de Boer, M. Van Engelenburg, E. van der Voet, D.P. van Vuuren | F25: Projected material requirements for the global electricity infrastructure – generation, transmission and storage | G25: 2021 | H25: Resources, Conservation and Recycling | J25: https://doi.org/10.1016/j.resconrec.2020.105200 | N25: see raw data sheets
C26: 25 | D26: journal article | E26: Jorge, Hawkins, Hertwich | F26: Life cycle assessment of electricity transmission and distribution—part 1: power lines and cables | G26: 2012 | H26: The International Journal of Life Cycle Assessment | J26: https://doi.org/10.1007/s11367-011-0335-1
C27: 26 | D27: journal article | E27: Jones, McManus | F27: Life-cycle assessment of 11 kV electrical overhead lines and underground cables | G27: 2010 | H27: Journal of Cleaner Production | J27: https://doi.org/10.1016/j.jclepro.2010.05.008
C28: 27 | D28: journal article | E28: Turconi, Simonsen, Byriel, Astrup | F28: Life cycle assessment of the Danish electricity distribution network | G28: 2014 | H28: The International Journal of Life Cycle Assessment | J28: https://doi.org/10.1007/s11367-013-0632-y
C29: 28 | D29: journal article | E29: G. Kalt, P. Thunshirn, D. Wiedenhofer, F. Krausmann, W. Haas, H. Haberl | F29: Material stocks in global electricity infrastructures – An empirical analysis of the power sector's stock-flow-service nexus | G29: 2021 | H29: Resources, Conservation and Recycling | J29: https://doi.org/10.1016/j.resconrec.2021.105723
C30: 29 | D30: journal article | E30: J. van Oorschot, B. Sprecher, B. Roelofs, J. van der Horst, E. van der Voet | F30: Towards a low-carbon and circular economy: Scenarios for metal stocks and flows in the Dutch electricity system | G30: 2022 | H30: Resources, Conservation and Recycling | J30: https://doi.org/10.1016/j.resconrec.2021.106105
C31: 30 | D31: journal article | E31: Seaver Wang, Zeke Hausfather, Steven Davis, Juzel Lloyd, Erik B. Olson, Lauren Liebermann, Guido D. Núñez-Mujica, Jameson McBride | F31: Future demand for electricity generation materials under different climate mitigation scenarios | G31: 2023 | H31: Joule | J31: https://doi.org/10.1016/j.joule.2023.01.001 | N31: see raw_data_Wang2023
C32: 31 | D32: Report | E32: UNEP | F32: Global Resources Outlook 2024: Bend the Trend – Pathways to a liveable planet as resource use spikes | G32: 2024 | H32: UNEP | I32: Nairobi | J32: https://wedocs.unep.org/20.500.11822/44902
C33: 32
C34: 33
C35: 34
C36: 35
C37: 36
C38: 37

Sheet raw_data
A1: Raw tables/data could be directly pasted here :)
A3: https://doi.org/10.1016/j.resconrec.2020.105200 | B3: literature_id: 24
A5: Composition of Electricity Generation Technologies (in g/MW) | B5: Steel | C5: Aluminium | D5: Concrete | E5: Plastics | F5: Glass | G5: Cu | H5: Nd | I5: Co | J5: Pb
A6: Solar PV | B6: 150000000 | C6: 10176000 | D6: 0 | E6: 0 | F6: 0 | G6: 6341800 | H6: 0 | I6: 0 | J6: 121643
A7: CSP | B7: 5.7623581e+08 | C7: 5500000 | D7: 1351812440 | E7: 0 | F7: 155986667 | G7: 3145804.8 | H7: 0 | I7: 0 | J7: 0
A8: Wind onshore | B8: 1.2137589e+08 | C8: 868361.91 | D8: 4.3395315e+08 | E8: 0 | F8: 0 | G8: 2730547.9 | H8: 20300 | I8: 0 | J8: 0
A9: Wind offshore | B9: 157942499 | C9: 1438333.3 | D9: 5.0913315e+08 | E9: 0 | F9: 0 | G9: 5571450 | H9: 158337 | I9: 0 | J9: 0
A10: Hydro | B10: 70693939 | C10: 0 | D10: 2832619030 | E10: 0 | F10: 0 | G10: 1699075.3 | H10: 0 | I10: 0 | J10: 5360
A11: Other Renewables | B11: 2.1568296e+08 | C11: 3596539 | D11: 1025503555 | E11: 0 | F11: 0 | G11: 3897735.6 | H11: 35727.4 | I11: 0 | J11: 25401
A12: Nuclear | B12: 43456667 | C12: 78666.667 | D12: 2.3523333e+08 | E12: 0 | F12: 0 | G12: 764800 | H12: 0 | I12: 121 | J12: 33767
A13: Conv. Coal | B13: 84600000 | C13: 504252.24 | D13: 352800000 | E13: 0 | F13: 0 | G13: 1146000 | H13: 0 | I13: 115486 | J13: 0
A14: Conv. Oil | B14: 72900000 | C14: 600000 | D14: 213360000 | E14: 0 | F14: 0 | G14: 762112.9 | H14: 0 | I14: 67282 | J14: 0
A15: Conv. Natural Gas | B15: 4035483.9 | C15: 376451.61 | D15: 43029355 | E15: 0 | F15: 0 | G15: 378225.81 | H15: 0 | I15: 19078 | J15: 0
A16: Waste | B16: 72900000 | C16: 600000 | D16: 213360000 | E16: 0 | F16: 0 | G16: 762112.9 | H16: 0 | I16: 67282 | J16: 0
A17: IGCC | B17: 34900000 | C17: 504252.24 | D17: 165000000 | E17: 0 | F17: 0 | G17: 1146000 | H17: 0 | I17: 115486 | J17: 0
... A32: CHP Biomass + CCS | B32: 43138518 | C32: 262500 | D32: 243796875 | E32: 0 | F32: 0 | G32: 3629400 | H32: 0 | I32: 74782 | J32: 0
A34: Composition of grid lines (in kg/km line length) | B34: Steel | C34: Aluminium | D34: Concrete | E34: Plastics | F34: Glass | G34: Cu | H34: Nd | I34: Co | J34: Pb
A35: HV overhead | B35: 52266 | C35: 12883 | D35: 209137.5 | E35: 0 | F35: 1096.5 | G35: 0 | H35: 0 | I35: 0 | J35: 0
A36: HV underground | B36: 0 | C36: 0 | D36: 17500 | E36: 2300 | F36: 0 | G36: 11650 | H36: 0 | I36: 0 | J36: 14050
A37: MV overhead | B37: 802.33333 | C37: 0 | D37: 0 | E37: 19.333333 | F37: 0 | G37: 1487.6667 | H37: 0 | I37: 0 | J37: 0
A38: MV underground | B38: 0 | C38: 823.58333 | D38: 0 | E38: 1346.9167 | F38: 0 | G38: 662.91667 | H38: 0 | I38: 0 | J38: 0
A39: LV overhead | B39: 0 | C39: 981 | D39: 0 | E39: 378 | F39: 0 | G39: 0 | H39: 0 | I39: 0 | J39: 0
A40: LV underground | B40: 177 | C40: 531 | D40: 0 | E40: 0 | F40: 0 | G40: 0 | H40: 0 | I40: 0 | J40: 0
A42: Composition of transformer substations (in kg/unit) | B42: Steel | C42: Aluminium | D42: Concrete | E42: Plastics | F42: Glass | G42: Cu | H42: Nd | I42: Co | J42: Pb
A43: Hv Substation | B43: 14652.055 | C43: 33204.29 | D43: 123900 | E43: 302.035 | F43: 0.05 | G43: 4611.388 | H43: 0 | I43: 0 | J43: 0.002
A44: Mv Substation | B44: 1814.5833 | C44: 1228.3333 | D44: 127020.83 | E44: 0 | F44: 0 | G44: 279.16667 | H44: 0 | I44: 0 | J44: 0
A45: Lv Substation | B45: 38.420135 | C45: 1228.3333 | D45: 476.32813 | E45: 0 | F45: 0 | G45: 0.54394161 | H45: 0 | I45: 0 | J45: 0
A46: Hv Transformer | B46: 295999 | C46: 496.75 | D46: 648000 | E46: 0 | F46: 0 | G46: 76047 | H46: 0 | I46: 0 | J46: 0
A47: Mv Transformer | B47: 22658.833 | C47: 21 | D47: 46825.556 | E47: 0 | F47: 0 | G47: 6877.27 | H47: 0 | I47: 0 | J47: 0.088333333
A48: Lv Transformer | B48: 479.755 | C48: 84.905 | D48: 175.59583 | E48: 0 | F48: 0 | G48: 13.4 | H48: 0 | I48: 0 | J48: 0
A50: Composition of electricity storage technologies (in fraction of total weight) | B50: Steel | C50: Aluminium | D50: Concrete | E50: Plastics | F50: Glass | G50: Cu | H50: Nd | I50: Co | J50: Pb
A51: Flywheel | B51: 0.60858277 | C51: 0.20239317 | D51: 0 | E51: 0 | F51: 0 | G51: 0.013558201 | H51: 0.006416159 | I51: 0 | J51: 0
A52: Compressed Air | B52: 0.98428224 | C52: 0.007689705 | D52: 0 | E52: 0 | F52: 0 | G52: 0.008028052 | H52: 0 | I52: 0 | J52: 0
A53: Hydrogen FC | B53: 0.96167444 | C53: 0.00471409 | D53: 0 | E53: 0 | F53: 0 | G53: 0.017677839 | H53: 0 | I53: 0 | J53: 0
A54: NiMH | B54: 0.1 | C54: 0.00255 | D54: 0 | E54: 0.21 | F54: 0 | G54: 0.01769956 | H54: 0.047101968 | I54: 0.00255 | J54: 0
A55: Deep-cycle Lead-Acid | B55: 0 | C55: 0 | D55: 0 | E55: 0.1 | F55: 0.02 | G55: 0 | H55: 0 | I55: 0 | J55: 0.61
A56: LMO | B56: 0.2147 | C56: 0.0374 | D56: 0 | E56: 0.0839875 | F56: 0 | G56: 0.1003 | H56: 0 | I56: 0 | J56: 0
A57: NMC | B57: 0.2147 | C57: 0.0374 | D57: 0 | E57: 0.0839875 | F57: 0 | G57: 0.1003 | H57: 0 | I57: 0.076449528 | J57: 0
A58: NCA | B58: 0.007413299 | C58: 0.24371619 | D58: 0 | E58: 0 | F58: 0 | G58: 0.1247216 | H58: 0 | I58: 0.031307668 | J58: 0
A59: LFP | B59: 0.1408805 | C59: 0.05 | D59: 0 | E59: 0.1 | F59: 0 | G59: 0.05 | H59: 0 | I59: 0 | J59: 0
A60: LTO | B60: 0.045 | C60: 0.1398492 | D60: 0 | E60: 0.0618742 | F60: 0 | G60: 0 | H60: 0 | I60: 0 | J60: 0
A61: Zinc-Bromide | B61: 0.15 | C61: 0 | D61: 0 | E61: 0.043 | F61: 0 | G61: 0.01 | H61: 0 | I61: 0 | J61: 0
A62: Vanadium Redox | B62: 0.106 | C62: 0 | D62: 0 | E62: 0.043 | F62: 0 | G62: 0.008 | H62: 0 | I62: 0 | J62: 0
... A68: PHS | B68: 0.94838451 | C68: 0.003226686 | D68: 0 | E68: 0 | F68: 0 | G68: 0.021738769 | H68: 0 | I68: 0 | J68: 0
A70: Weight of electricity storage technologies (per unit of storage capacity, i.e. in kg/kWh) | B70: kg/kWh
A71: Flywheel | B71: 60
A72: Compressed Air | B72: 32.5
A73: Hydrogen FC | B73: 6.36
A74: NiMH | B74: 13.3
A75: Deep-cycle Lead-Acid | B75: 20
A76: LMO | B76: 8.26
A77: NMC | B77: 5.41
A78: NCA | B78: 4.35
A79: LFP | B79: 8.35
A80: LTO | B80: 15.38
A81: Zinc-Bromide | B81: 25
A82: Vanadium Redox | B82: 40
... A88: PHS | B88: 26.8

Sheet raw_data_Wang2023
A1: Assuming that for onshore wind turbines, material use of non-RE materials is the same for DD vs AG types unless explicitly stated in source. Likewise for offshore turbines. | Q1: Technology | R1: Technology | S1: MateriAluminum | T1: Intensity value (tons/GW) | U1: Source | W1: Onshore_DD_PMG | X1: onshore wind turbine with permanent magnet gearbox direct drive
A2: Assuming that onshore and offshore PM turbines have similar intensitites of rare earth usage | Q2: Onshore_DD_PMG | R2: Generation - Wind Onshore | S2: Aluminum | T2: 13200 | U2: Garrett + Ronde 2011 | W2: Onshore_AG | X2: onshore wind turbine with asynchronous gearbox drive
A3: GREEN = final values (precise shading of green is immaterial) | Q3: Onshore_DD_PMG | R3: Generation - Wind Onshore | S3: Cement | T3: 38717 | U3: Garrett + Ronde 2011 | W3: Offshore_DD_PMG | X3: offshore wind turbine with permanent magnet gearbox direct drive
A4: RED = rejected values | Q4: Onshore_DD_PMG | R4: Generation - Wind Onshore | S4: Cement | T4: 41456 | U4: Wilburn 2011 | W4: Offshore_AG | X4: offshore wind turbine with asynchronous gearbox drive
Q5: Onshore_DD_PMG | R5: Generation - Wind Onshore | S5: Cement | T5: 60070 | U5: Garrett + Ronde 2011 | W5: CSI_PV | X5: crystalline silicon solar photovoltaic
A6: WIND | Q6: Onshore_DD_PMG | R6: Generation - Wind Onshore | S6: Cement | T6: 64320 | U6: Wilburn 2011 | W6: CIGS | X6: copper indium gallium selenide thin-film solar photovoltaic
A7: 2015 Razdan + Garrett (a) | Q7: Onshore_DD_PMG | R7: Generation - Wind Onshore | S7: Copper | T7: 3320 | U7: Garrett + Ronde 2011 | W7: CDTE | X7: cadmium telluride thin-film solar photovoltaic
A8: Life Cycle Assessment of Electricity Production from an onshore V100-2.0 MW Wind Plant | Q8: Onshore_DD_PMG | R8: Generation - Wind Onshore | S8: Copper | T8: 3000 | U8: Wilburn 2011 | W8: ASIGE | X8: amorphous silicon germanium thin-film solar photovoltaic
A9: https://www.vestas.com/~/media/vestas/about/sustainability/pdfs/lcav10020mw181215.pdf | Q9: Onshore_DD_PMG | R9: Generation - Wind Onshore | S9: Copper | T9: 4700 | U9: Habib + Wenzel 2016
A10: Numbers taken from Table 6, summed across turbines, foundations, cables, switchgears, and transformer | Q10: Onshore_DD_PMG | R10: Generation - Wind Onshore | S10: Copper | T10: 5761 | U10: BBF Associates 2011
A11: Metric tons for a 50MW power plant of V100-2.0 MW onshore turbines, no permanent magnets | Q11: Onshore_DD_PMG | R11: Generation - Wind Onshore | S11: Copper | T11: 2994 | U11: BBF Associates 2011
B12: tons | C12: tons/GW | D12: Notes | Q12: Onshore_DD_PMG | R12: Generation - Wind Onshore | S12: Copper | T12: 6759 | U12: BBF Associates 2011
A13: Concrete | B13: 20067 | C13: 401340 | D13: Concrete C12, C30, C45, amounts unspecified. LCA used C12/15 and C30/37, also employing C30/37 parameters for C45 | Q13: Onshore_DD_PMG | R13: Generation - Wind Onshore | S13: Copper | T13: 2540 | U13: BBF Associates 2011
A14: Steel/cast steel/sintered steel, sum of Unalloyed, low alloyed and Highly alloyed, plus cast iron | B14: 6024 | C14: 120480 | Q14: Onshore_DD_PMG | R14: Generation - Wind Onshore | S14: Copper | T14: 3538 | U14: BBF Associates 2011
A15: Copper | B15: 83 | C15: 1660 | Q15: Onshore_DD_PMG | R15: Generation - Wind Onshore | S15: Dy | T15: 12 | U15: DOE 2011
A16: Copper alloys | B16: 2 | C16: 40 | Q16: Onshore_DD_PMG | R16: Generation - Wind Onshore | S16: Dy | T16: 28 | U16: Hoenderdaal et al 2013
A17: Sum of Copper and Copper alloys | B17: 85 | C17: 1700 | Q17: Onshore_DD_PMG | R17: Generation - Wind Onshore | S17: Fiberglass (ceramic/glass) | T17: 9580 | U17: Garrett + Ronde 2011
A18: Aluminum and Aluminum alloys | B18: 245 | C18: 4900 | Q18: Onshore_DD_PMG | R18: Generation - Wind Onshore | S18: Fiberglass (ceramic/glass) | T18: 6800 | U18: Wilburn 2011
A19: Fiberglass (ceramic/glass) | B19: 449 | C19: 8980 | Q19: Onshore_DD_PMG | R19: Generation - Wind Onshore | S19: Nd | T19: 186 | U19: DOE 2011
Q20: Onshore_DD_PMG | R20: Generation - Wind Onshore | S20: Nd | T20: 216 | U20: Wilburn 2011
A21: Conversion of tons concrete to tons cement | B21: Concrete volume (m^3) per GW | Q21: Onshore_DD_PMG | R21: Generation - Wind Onshore | S21: Nd | T21: 198 | U21: Hoenderdaal et al 2013
A22: Assuming 1600 kg/m^3 | B22: 250837.5 | Q22: Onshore_DD_PMG | R22: Generation - Wind Onshore | S22: Ni | T22: 377 | U22: Fizaine + Court 2015
A23: Assuming 2500 kg/m^3 | B23: 160536 | Q23: Onshore_DD_PMG | R23: Generation - Wind Onshore | S23: Steel | T23: 122780 | U23: Garrett + Ronde 2011
Q24: Onshore_DD_PMG | R24: Generation - Wind Onshore | S24: Steel | T24: 123000 | U24: Wilburn 2011
B25: Cement (kg) per GW | C25: Cement (tons) per GW | Q25: Onshore_AG | R25: Generation - Wind Onshore | S25: Aluminum | T25: 4900 | U25: Razdan + Garrett 2015a
A26: 1600 kg/m^3 density and 165 kg/m^3 cement content | B26: 41388188 | C26: 41388.188 | Q26: Onshore_AG | R26: Generation - Wind Onshore | S26: Aluminum | T26: 5080 | U26: Razdan + Garrett 2015b
A27: 2500 kg/m^3 density and 400 kg/m^3 cement content | B27: 64214400 | C27: 64214.4 | Q27: Onshore_AG | R27: Generation - Wind Onshore | S27: Cement | T27: 41388 | U27: Razdan + Garrett 2015a
Q28: Onshore_AG | R28: Generation - Wind Onshore | S28: Cement | T28: 47099 | U28: Razdan + Garrett 2015b
A29: 2015 Razdan + Garrett (b) | Q29: Onshore_AG | R29: Generation - Wind Onshore | S29: Cement | T29: 41456 | U29: Wilburn 2011
A30: Life Cycle Assessment of Electricity Production from an onshore V110-2.0 MW Wind Plant | Q30: Onshore_AG | R30: Generation - Wind Onshore | S30: Cement | T30: 64214 | U30: Razdan + Garrett 2015a
A31: https://www.vestas.com/~/media/vestas/about/sustainability/pdfs/lcav11020mw181215.pdf | Q31: Onshore_AG | R31: Generation - Wind Onshore | S31: Cement | T31: 73075 | U31: Razdan + Garrett 2015b
A32: Numbers taken from Table 6, summed across turbines, foundations, cables, switchgears, and transformer | Q32: Onshore_AG | R32: Generation - Wind Onshore | S32: Cement | T32: 64320 | U32: Wilburn 2011
A33: Metric tons for a 50MW power plant of V110-2.0 MW onshore turbines, no permanent magnets | Q33: Onshore_AG | R33: Generation - Wind Onshore | S33: Copper | T33: 1700 | U33: Razdan + Garrett 2015a
B34: tons | C34: tons/GW | D34: Notes | Q34: Onshore_AG | R34: Generation - Wind Onshore | S34: Copper | T34: 1740 | U34: Razdan + Garrett 2015b
A35: Concrete | B35: 22836 | C35: 456720 | D35: Concrete C12, C30, C45, amounts unspecified. LCA used C12/15 and C30/37, also employing C30/37 parameters for C45 | Q35: Onshore_AG | R35: Generation - Wind Onshore | S35: Copper | T35: 1850 | U35: Garcia-Olivares et al 2012
A36: Steel/cast steel/sintered steel, sum of Unalloyed, low alloyed and Highly alloyed | B36: 6524 | C36: 130480 | Q36: Onshore_AG | R36: Generation - Wind Onshore | S36: Fiberglass (ceramic/glass) | T36: 8980 | U36: Razdan + Garrett 2015a
A37: Copper | B37: 85 | C37: 1700 | Q37: Onshore_AG | R37: Generation - Wind Onshore | S37: Fiberglass (ceramic/glass) | T37: 7400 | U37: Razdan + Garrett 2015b
A38: Copper alloys | B38: 2 | C38: 40 | Q38: Onshore_AG | R38: Generation - Wind Onshore | S38: Fiberglass (ceramic/glass) | T38: 6800 | U38: Wilburn 2011
A39: Sum of Copper and Copper alloys | B39: 87 | C39: 1740 | Q39: Onshore_AG | R39: Generation - Wind Onshore | S39: Ni | T39: 377 | U39: Fizaine + Court 2015
A40: Aluminum and Aluminum alloys | B40: 254 | C40: 5080 | Q40: Onshore_AG | R40: Generation - Wind Onshore | S40: Steel | T40: 120480 | U40: Razdan + Garrett 2015a
A41: Fiberglass (ceramic/glass) | B41: 370 | C41: 7400 | Q41: Onshore_AG | R41: Generation - Wind Onshore | S41: Steel | T41: 130480 | U41: Razdan + Garrett 2015b
Q42: Onshore_AG | R42: Generation - Wind Onshore | S42: Steel | T42: 123000 | U42: Wilburn 2011
A43: Conversion of tons concrete to tons cement | B43: Concrete volume (m^3) per GW | Q43: Offshore_DD_PMG | R43: Generation - Wind Offshore | S43: Aluminum | T43: 1000 | U43: Chipindula et al 2018
A44: Assuming 1600 kg/m^3 | B44: 285450 | Q44: Offshore_DD_PMG | R44: Generation - Wind Offshore | S44: Aluminum | T44: 898 | U44: Chipindula et al 2018
A45: Assuming 2500 kg/m^3 | B45: 182688 | Q45: Offshore_DD_PMG | R45: Generation - Wind Offshore | S45: Aluminum | T45: 898 | U45: Chipindula et al 2018
Q46: Offshore_DD_PMG | R46: Generation - Wind Offshore | S46: Aluminum | T46: 556 | U46: Chipindula et al 2018
B47: Cement (kg) per GW | C47: Cement (tons) per GW | Q47: Offshore_DD_PMG | R47: Generation - Wind Offshore | S47: Aluminum | T47: 2140 | U47: Elsam Engineering 2004
A48: 1600 kg/m^3 density and 165 kg/m^3 cement content | B48: 47099250 | C48: 47099.25 | Q48: Offshore_DD_PMG | R48: Generation - Wind Offshore | S48: Cement | T48: 142 | U48: Elsam Engineering 2004
A49: 2500 kg/m^3 density and 400 kg/m^3 cement content | B49: 73075200 | C49: 73075.2 | Q49: Offshore_DD_PMG | R49: Generation - Wind Offshore | S49: Cement | T49: 220 | U49: Elsam Engineering 2004
Q50: Offshore_DD_PMG | R50: Generation - Wind Offshore | S50: Copper | T50: 10000 | U50: Garcia-Olivares et al 2012
A51: 2011 Garrett + Ronde | Q51: Offshore_DD_PMG | R51: Generation - Wind Offshore | S51: Copper | T51: 9580 | U51: Falconer 2009
A52: Life Cycle Assessment of Electricity Production from a V90-2.0MW Gridstreamer Wind Plant | Q52: Offshore_DD_PMG | R52: Generation - Wind Offshore | S52: Copper | T52: 1650 | U52: Chipindula et al 2018
A53: https://www.vestas.com/~/media/vestas/about/sustainability/pdfs/lca_v902mw_version1.pdf | Q53: Offshore_DD_PMG | R53: Generation - Wind Offshore | S53: Copper | T53: 5218 | U53: Chipindula et al 2018
A54: Numbers taken from Table 5, summed across turbines, foundations, cables, switchgears, and transformer | Q54: Offshore_DD_PMG | R54: Generation - Wind Offshore | S54: Copper | T54: 5218 | U54: Chipindula et al 2018
A55: Metric tons for a 50MW power plant of V90-2.0MW onshore turbines, containing permanent magnets | Q55: Offshore_DD_PMG | R55: Generation - Wind Offshore | S55: Copper | T55: 9601 | U55: Chipindula et al 2018
B56: tons | C56: tons/GW | D56: Notes | Q56: Offshore_DD_PMG | R56: Generation - Wind Offshore | S56: Copper | T56: 2337 | U56: Elsam Engineering 2004
A57: Concrete | B57: 18772 | C57: 375440 | D57: Concrete C12, C30, C45, amounts unspecified. LCA used C12/15 and C30/37, also employing the latter for C45 | Q57: Offshore_DD_PMG | R57: Generation - Wind Offshore | S57: Dy | T57: 12 | U57: DOE 2011
A58: Steel, sum of Unalloyed, low alloyed and Highly alloyed | B58: 6139 | C58: 122780 | Q58: Offshore_DD_PMG | R58: Generation - Wind Offshore | S58: Dy | T58: 28 | U58: Hoenderdaal et al 2013
A59: Copper | B59: 166 | C59: 3320 | Q59: Offshore_DD_PMG | R59: Generation - Wind Offshore | S59: Fiberglass (ceramic/glass) | T59: 5823 | U59: Chipindula et al 2018
A60: Copper alloys | B60: 0 | C60: 0 | Q60: Offshore_DD_PMG | R60: Generation - Wind Offshore | S60: Fiberglass (ceramic/glass) | T60: 5833 | U60: Chipindula et al 2018
A61: Sum of Copper and Copper alloys | B61: 166 | C61: 3320 | Q61: Offshore_DD_PMG | R61: Generation - Wind Offshore | S61: Fiberglass (ceramic/glass) | T61: 5833 | U61: Chipindula et al 2018
A62: Aluminum and Aluminum alloys | B62: 660 | C62: 13200 | Q62: Offshore_DD_PMG | R62: Generation - Wind Offshore | S62: Fiberglass (ceramic/glass) | T62: 10551 | U62: Chipindula et al 2018
A63: Fiberglass (ceramic/glass) | B63: 479 | C63: 9580 | Q63: Offshore_DD_PMG | R63: Generation - Wind Offshore | S63: Fiberglass (ceramic/glass) | T63: 10921 | U63: Elsam Engineering 2004
Q64: Offshore_DD_PMG | R64: Generation - Wind Offshore | S64: Nd | T64: 186 | U64: DOE 2011
A65: Conversion of tons concrete to tons cement | B65: Concrete volume (m^3) per GW | Q65: Offshore_DD_PMG | R65: Generation - Wind Offshore | S65: Nd | T65: 216 | U65: Wilburn 2011
A66: Assuming 1600 kg/m^3 | B66: 234650 | Q66: Offshore_DD_PMG | R66: Generation - Wind Offshore | S66: Nd | T66: 198 | U66: Hoenderdaal et al 2013
A67: Assuming 2500 kg/m^3 | B67: 150176 | Q67: Offshore_DD_PMG | R67: Generation - Wind Offshore | S67: Ni | T67: 377 | U67: Fizaine + Court 2015
Q68: Offshore_DD_PMG | R68: Generation - Wind Offshore | S68: Steel | T68: 147576 | U68: Chipindula et al 2018
B69: Cement (kg) per GW | C69: Cement (tons) per GW | Q69: Offshore_DD_PMG | R69: Generation - Wind Offshore | S69: Steel | T69: 803094 | U69: Chipindula et al 2018
A70: 1600 kg/m^3 density and 165 kg/m^3 cement content | B70: 38717250 | C70: 38717.25 | Q70: Offshore_DD_PMG | R70: Generation - Wind Offshore | S70: Steel | T70: 917224 | U70: Chipindula et al 2018
A71: 2500 kg/m^3 density and 400 kg/m^3 cement content | B71: 60070400 | C71: 60070.4 | Q71: Offshore_DD_PMG | R71: Generation - Wind Offshore | S71: Steel | T71: 530417 | U71: Chipindula et al 2018
Q72: Offshore_DD_PMG | R72: Generation - Wind Offshore | S72: Steel | T72: 193257 | U72: Elsam Engineering 2004
A73: 2011 Department of Energy | Q73: Offshore_AG | R73: Generation - Wind Offshore | S73: Aluminum | T73: 1000 | U73: Chipindula et al 2018
A74: Critical Materials Strategy | Q74: Offshore_AG | R74: Generation - Wind Offshore | S74: Aluminum | T74: 898 | U74: Chipindula et al 2018
A75: https://www.energy.gov/sites/prod/files/2019/06/f63/DOE_CMS2011_FINAL_Full_1.pdf | Q75: Offshore_AG | R75: Generation - Wind Offshore | S75: Aluminum | T75: 898 | U75: Chipindula et al 2018
A76: Numbers taken from page 154 | Q76: Offshore_AG | R76: Generation - Wind Offshore | S76: Aluminum | T76: 556 | U76: Chipindula et al 2018
A77: kgs per MW generation (600kg total magnet weight per MW for a PM direct drive system) converted to tons per GW generation | Q77: Offshore_AG | R77: Generation - Wind Offshore | S77: Aluminum | T77: 2140 | U77: Elsam Engineering 2004
B78: tons/GW | C78: Notes | Q78: Offshore_AG | R78: Generation - Wind Offshore | S78: Cement | T78: 142 | U78: Elsam Engineering 2004
A79: Nd | B79: 186 | C79: This is highly consistent with weight of "magnets" in Garrett + Ronde 2011 above | Q79: Offshore_AG | R79: Generation - Wind Offshore | S79: Cement | T79: 220 | U79: Elsam Engineering 2004
A80: Dy | B80: 12 | C80: this is the low-end estimate, high-end estimate would be 24 (2-4% Dy range) | Q80: Offshore_AG | R80: Generation - Wind Offshore | S80: Copper | T80: 10000 | U80: Garcia-Olivares et al 2012
Q81: Offshore_AG | R81: Generation - Wind Offshore | S81: Copper | T81: 9580 | U81: Falconer 2009
A82: Garcia-Olivares et al 2012 | Q82: Offshore_AG | R82: Generation - Wind Offshore | S82: Copper | T82: 1650 | U82: Chipindula et al 2018
A83: A global renewable mix with proven technologies and common materials | Q83: Offshore_AG | R83: Generation - Wind Offshore | S83: Copper | T83: 5218 | U83: Chipindula et al 2018
A84: https://doi.org/10.1016/j.enpol.2011.11.018 | Q84: Offshore_AG | R84: Generation - Wind Offshore | S84: Copper | T84: 5218 | U84: Chipindula et al 2018
A85: Numbers for Copper from Section 3.4 and Appendix C, Al from Section 3.6 and Appendix C, using 3MW non-PM Vestas V90 as model | Q85: Offshore_AG | R85: Generation - Wind Offshore | S85: Copper | T85: 9601 | U85: Chipindula et al 2018
A86: Metric tons/MW converted to metric tons/GW, accounting for both turbine, grid connection, transformer, etc... | Q86: Offshore_AG | R86: Generation - Wind Offshore | S86: Copper | T86: 2337 | U86: Elsam Engineering 2004
B87: standard onshore, tons/GW | C87: standard offshore, tons/GW | D87: Notes | Q87: Offshore_AG | R87: Generation - Wind Offshore | S87: Fiberglass (ceramic/glass) | T87: 5823 | U87: Chipindula et al 2018
A88: Copper | B88: 1850 | C88: 10000 | D88: match fairly well with Vestas numbers | Q88: Offshore_AG | R88: Generation - Wind Offshore | S88: Fiberglass (ceramic/glass) | T88: 5833 | U88: Chipindula et al 2018
A89: Aluminum | B89: 370 | D89: seems far too low, excluding Al from this study | Q89: Offshore_AG | R89: Generation - Wind Offshore | S89: Fiberglass (ceramic/glass) | T89: 5833 | U89: Chipindula et al 2018
Q90: Offshore_AG | R90: Generation - Wind Offshore | S90: Fiberglass (ceramic/glass) | T90: 10551 | U90: Chipindula et al 2018
A91: Wilburn, 2011 | Q91: Offshore_AG | R91: Generation - Wind Offshore | S91: Fiberglass (ceramic/glass) | T91: 10921 | U91: Elsam Engineering 2004
A92: Wind Energy in the US and Materials Required for the Land-Based Wind Turbine Industry From 2010 Through 2030 | Q92: Offshore_AG | R92: Generation - Wind Offshore | S92: Ni | T92: 377 | U92: Fizaine + Court 2015
A93: https://pubs.usgs.gov/sir/2011/5036/sir2011-5036.pdf | Q93: Offshore_AG | R93: Generation - Wind Offshore | S93: Steel | T93: 147576 | U93: Chipindula et al 2018
A94: Numbers from Table 5 on page 12, based on next-gen onshore wind projections | Q94: Offshore_AG | R94: Generation - Wind Offshore | S94: Steel | T94: 803094 | U94: Chipindula et al 2018
A95: kg/MW converted to metric tons/GW | Q95: Offshore_AG | R95: Generation - Wind Offshore | S95: Steel | T95: 917224 | U95: Chipindula et al 2018
B96: tons/GW | C96: Notes | Q96: Offshore_AG | R96: Generation - Wind Offshore | S96: Steel | T96: 530417 | U96: Chipindula et al 2018
A97: Steel + cast iron | B97: 123000 | Q97: Offshore_AG | R97: Generation - Wind Offshore | S97: Steel | T97: 193257 | U97: Elsam Engineering 2004
A98: Concrete | B98: 402000 | Q98: CSI_PV | R98: Generation - PV | S98: Ag | T98: 10 | U98: Manberger + Stenqvist 2018
A99: Copper | B99: 3000 | C99: Not explicitly stated to include associated infrastructure, but checks out with Vestas LCAs | Q99: CSI_PV | R99: Generation - PV | S99: Aluminum | T99: 38500 | U99: Bodeker et al 2010
A100: Nd | B100: 216 | C100: Calculation based on Hatch | Q100: CSI_PV | R100: Generation - PV | S100: Aluminum | T100: 8500 | U100: Jean et al 2015
...
